textID,selected_text
96d74cb729,"exciting tweeps is"
eee518ae67,"such has Recession"
01082688c6,"happy bday"
33987a8ee5,"like 4w75p I"
726e501993,"weee thats great"
261932614e,"ON I HATES"
afa11da83f,"is blocked soooooo"
e64208b4ef,"all time short"
37bcad24ca,"did my you"
24c92644a4,"total argh bummer"
43b390b336,"didnt I We"
69d6b5d93e,"Did on tavern"
5c1e0b61a1,"sad 2 is"
504e45d9d9,"my hole loose"
ae93ad52a0,"and bad like"
9fce30159a,"Miss you"
00d5195223,"Cramps"
33f19050cf,"my hi or"
f7718b3c23,Im a great
9ef44428d0,river us Stupid
be634ebeb0,do to dead
3dcf4f7e13,bad retail geebus
f0ef04109b,go about to
8be365118e,make me lame
c50bdd4567,cool thats so
334954f215,an hey watching
b783916431,coding another Sunday
1fa8e6ad66,who com found
be38b29042,hot doesnt out
95701e8ed9,depends if guess
4dd58ecd2c,ALONE to Mickey
cf553cccd5,I punk and
55c69c2d52,sun ask did
9b1a52cc02,whered go you
cce5c4744a,film good Body
c7f9d559e2,xoxo Happy mothers
3d2478db59,to missed really
6d846d7d50,at sorry Im
599f51af6b,sorry every feels
87daa62920,never 4n rog
6506dc55ff,am Newark airport
746d87f93e,petrol to walked
ef7ef8e474,the that updating
d3d7b13278,tears be not
ddc07db84e,Hope ur da
67afe60d31,one old until
17d18ba9ef,wonderful SG thinks
ab57d75f20,know i sorry
f0acd25d8e,happy Not
cf3b068b03,FRIENDS episode good
d6c34fa875,oscillate other Ill
614aed9113,insomnia and very
dfa577d3c1,Thanks Ennio
10dcbe4dfb,should bring you
a0bfb12773,and know nice
71f4a9b495,a better I
d33ed264b3,it kitty got
77f88ea9e2,over night time
fe1deac869,nice a way
e591a725ef,though do we
2dbb28cc29,not you okay
a7e4ad250a,for of Salad
7d87899024,Dear you rain
461b51fa58,with love later
c31d79c440,cried hollyoaks just
32ee7ef6c2,life diy forward
29f805a7d2,myself by Terminator
d41fe360e4,the loss dumbface
a04c8c8695,update time to
25e42b2bf2,i love you
5843d17b1d,Kiss Ur cute
474d10ff48,toe I broke
38e69da3a1,I party saturday
972dc5787d,young _LaMont very
0ba6aaf9aa,wrong hmmm my
7a81537034,have tickets cheated
311d2b185b,my the breaks
1e46d72ec6,all were dubiln
390f169584,couches the where
58129e4130,Party for Thanks
e6c9e5e3ab,February 26th
cb5e709de8,a adopted Guess
a14b4ff440,day best ever
5d57a5eda2,on s Thank
1e3561e921,Time got t
c2ea5cb58b,feeling well Not
cde0016d6d,hurts My and
5fc411e8d1,I know _berland
5ffb19ae8f,Gnight Vega shar
76da985a47,in the sticking
3a98aa4762,Happy Mothers Day
886545bbab,am Yes I
2afe118dc3,sweden I call
704c53f4cf,wars star Happy
71fa60d9ff,and day terrible
c238c4dbb7,i cried Me
dc73e85417,Take clean you
af63915fa9,work to afternoon
eb2fc4d281,hope make well
f9382a1f7b,sunshine be work
54670ca807,billie work skype
3ab338c459,followed great Japanese
c7c7f7f025,FML a is
1256e6a4d2,got of up
990cdeae87,cook I David
9a55d83c79,yeh me 2
c8307a482d,tat scenic to
0a21b662a4,i dont and
297f7d9e0f,miss busy i
68901906a4,Story need my
3112944847,ughh the on
8f8334ffa2,Dan made purple
322546026e,yay breaking 200
e6c154f9be,am not bahah
e96d849b35,always awesome Champions
124e30d941,those happy ur
fbb5742bbb,they confirm somebody
e90acf3c42,did in Well
0b0944285d,have expected than
a11da2d3bf,me Playin wishin
161bfc7c8a,the taking seriously
4a65010643,hacked my riley
1b460c82f0,mobile the Sad
43e91a5488,it soothing liked
410dd99aa3,sad man im
b3eadfc565,shirt Laughter thought
480894125b,the best absoute
001617fca4,cried i oh
52f2f23473,exercise My daily
e7e27b0c91,Welcome
834dc73c0c,pmark wit meals
aeb0e9d730,work to go
c672c9da1d,com on for
cbee1946d3,nice not a
b1999f0951,sunburn I a
25510fbf89,the have day
bcb9426abb,BEA weekend wish
0d29624200,Grint I not
3f0f5891ab,love books your
0b34e66ea3,this eye doctor
11de8c0456,I Im Lost
d5712716e9,thank your well
3f90f95beb,animals pretty take
c108e09b19,TweetDeck leak the
7223fdccc2,tikcets ½91 only
f254748cdb,Mothers Happy Day
256453d14f,SAHM a today
8fd01857a9,dreaming awake weekend
37227c0dbf,the Oh returned
20aff2fcb1,you naptime missed
ca223af36e,basketball group Saturdays
90977e9614,love 15min I
433b1ab9ea,comfy sheets mommie
37771d1bc1,_celeste some silence
fa99046452,its thank im
14760477ad,is tired dang
da908a6635,hogging poop have
2053a455e9,YES I watch
1ea547383b,salute muthaths moms
6634c62acf,Hahaha Alright
c7240790da,for congrats the
08ede23635,thanks good know
4e87dcff0e,flavor of you
4b0b53bc98,nite hada morning
fd3a622954,on to 20th
e34af4fd97,happy I memories
0e8aa10a4e,licking you thats
29148dc95c,sunday love mornings
56a15cf6ca,its sunny hate
b99969c2fb,http ONLiNE is
b0f3142cb4,3 i warm
5ff525b74b,worse answer i
4fd80e66e0,or in http
e77a8f8f2d,couldnt all spoiled
4ea7102112,completely agree haha
6a14956779,leave pack she
7c2fcb712e,where u headed
cdd172d6a7,glad about bed
d2a21b3cb7,have included better
799e17e7a7,nice the still
0a49cdbdf6,miss I the
4a13c1093d,killing U 2
9407ce6ccc,Maybe my get
820f19ca44,UK about difference
683bb73c09,my And has
0d14593b11,body forward works
9ac13b3739,yes bahaha movie
16ee71e6df,know I you
f5d47f04f5,not sleeping the
e131c496a2,in still morning
bc6d7b4364,next Simon that
c87be630b5,theory FAIL will
e4ad1684bb,the firewall glad
f7835156a5,woot
03bb148b87,day it miss
b47c430fda,ly http bit
0234e16010,bag yay test
be9ed19513,you StarWarsDay _paintball
bf7240df91,office the to
2f883c6eb1,is St dirty
a1320a5050,com lake at
d72a60bee8,to soz you
bc9ebe0002,life hate my
64ddc1f8a2,have headache come
03f6b8d900,going my lost
2d475b1b23,unfair 3 depressed
87473f5175,real crying tears
7a09871d21,onto a http
96ec2855e4,party burfday wish
45cf9ba329,better Mac me
bab68144cd,veronica WHAT ARCHIE
fc49e426f5,best the are
a172818c9e,misses several dearly
036191bb61,live the action
3ef85c201c,bummer a is
ea348ea738,the forget cant
fd10f463c9,The bread com
e6e02e1be6,to moms fabulous
8112c62d00,the Glad Im
0f89951346,stupid and Teacher
f3ec0395b0,kill to i
37ffa83550,ys6K thank book
cb8c730261,lol good song
be33b5cb9a,by previously internet
4fed31099f,I good and
de288eb45b,causes the buddy
7ab82d9fda,of Mack THANK
9d8a45d308,this saddenning depressing
d25c4179f6,sorry lack buzy
6cd35dd82e,I a best
65275b51e2,longeerr cant thiss
9fae9e3145,then good back
e515132ae4,I appreciate know
df3c7485ae,hour signing last
bd8ba2ad7e,love And I
58be40735c,has stopped My
b5a0a16fd7,know Hi Simon
044f146e5c,amazing with favorite
a8e17db0cc,Poor in head
abda0ac082,mom clean for
b01506af48,to the Why
53969f2468,hate that place
4df63939ef,stars got then
f43efa3560,ALL SiSTER PRETTY
c89e41fc7c,too follow me
b9ec075666,now summer books
ca333e378d,all roads My
5a91b175f6,goodnight
ac00adda49,my sick Its
cf9dc7479a,do scare me
005e2e60d3,my monitor I
0b1fad03e9,online doing know
2c72a5582a,DAY EVERY VOTE
af0778ed50,not having the
1e0416ec46,tour a LOL
1e6f72ea44,made sick ate
cc930f7aa8,anticipating eagerly twitpics
9c202174a3,to com tasks
b9a1df7a8a,bed sux day
7b3132d3cc,out trying chillen
5f80970983,2 then blood
f008d91039,go a carnival
c223721eed,I feel siiiiiickkk
7f8a3308f8,shape Propellerheads harddrive
3f7adda0a4,swords Glorious face
6c60cf0bb2,_89 feel cry
f77651be05,migrains the arent
aff740a028,true lovely of
c3f1116734,Suck My Kelly
4b57011c85,for revising exams
cb4266c560,next laughed logies
dcb3bb2912,reschedule Hi but
f61b40624e,feel lea like
b6d2229b03,love think I
299fda8c5b,hey hey
fbea09d42d,the 8 best
1b62e0c672,sux im i
2452a0aa6a,germany weekends as
8a821c6d63,Maybe was remember
0f93ebfb23,watching get again
dd655c5aee,you certainly studying
e94ceb6edd,downloaded iphone btw
61e8b484df,straight be my
5be41389ce,going Sad need
bd0f0ebc57,doctor him I
772ba56ce6,GREAT Morning to
390f00c85a,muahaz a weird
4a680661d5,dre of congrats
e2505e6219,more thanks tweets
0d85e6d515,by stopped and
086671fad9,get know lol
9c99cd9396,a good and
f35cc8bb35,that it saying
5ba64af2fd,Soup in my
dbd82ea5bd,hilarious its
8b6c53f38b,love the me
e8cb7f18bd,tomorrow Happy to
9ea273deaa,my hat lost
cf0d831059,starting to update
8f0bafc9dc,your the effect
0888d7dab7,morning got synday
04d3c2d056,university about Browsing
8bbaca6e4b,frakking DAYS mon
4a9529e753,him meet dito
8be2d4f69f,pasadena the I
d9c10546e6,Ugh again feel
90be8eaffb,cellphone I phone
8ba332dbbd,new my with
1086c26e82,4vuuy cool twitpic
b357b9e7d2,premier exited Amazing
0050eebd18,for esp like
426cb788e5,go for my
d30d23e543,just was it
04a204382a,backe MUFFINS
2bc1a7126b,are all good
a2fb29c072,of mondayyy lasttt
a2bbae6c4c,fun the in
0ce30035ac,this I Wednesday
b3505b0aa7,go I unfair
99fcc18a8d,movie Good Sexy
2b6bc6920b,got to movin
d40dd3b17b,on guys sad
5aa8a5280f,bottle without in
7dd57c2598,jealous work it
0142108215,phaoloo Thank much
f4aba8da1c,thankful should the
9cf9045a3c,bad I OMG
1962095a32,what hear thats
9acf7846ab,dust frustrated screens
e4d58eb70f,to god i
791b4a40af,going you to
0c415791d1,Change bar inside
3bd0bff670,thanks following for
c7f27553b8,good then luck
a717783c80,getting addressing kill
5a2add1cd8,these cant i
5999397144,overalled up going
54a3eab849,apple nom german
77b6b38e7e,Looks another at
dd6ea8c37a,tummy My hurts
af08dd0be5,2 about Got
3cd447856a,painful else experiencing
d7765a3fd6,one Lol them
509033a1ff,concert that money
b09f14d65a,his had poor
3160620b36,the cancelled Mozzer
b2e3ebc647,aaron for then
1f9644b008,tweat morning twitter
1fee7a1358,at home Headed
42d3659c3d,the from stage
8746563ae3,ryan the happy
01fb29c047,fair bored to
065e4c2dba,acts was well
d0380dbe70,shopping leeds about
d0c092c3ee,Sadly due I
ed92ed183a,still tired 50
75d0302de7,YAY Aly this
96c5092f80,have fun fam
ddbc8dba62,that you the
80b61dc4e6,Mexican bottle fructose
37897b1693,Nt let dont
7a4af13b01,to witty I
000ceaec55,too me
97cd2255be,work hi off
bebfd966a0,tinyurl chtx7e Thanks
bebcdc05ad,welcome show the
e2ea1af68e,Hey Candis
25c3c99b1a,I teen never
ee27c73f40,I love Maitu
f90a6f5da0,i sorry am
49e9fe8b96,to my singapore
b34a3e3d72,contest JB on
0a96d05fdf,arent u Chicago
ab3f55a84d,ii pizza addicted
0437867c21,tired So
80ea9ba96f,had yummy lovely
4914c3c579,fun Yay have
33bb4fcc72,Mamis Why are
f0da745521,awesome thats lucky
351d279fba,outlet my PowerSquid
b5237966b8,Large no hook
55cec41587,for that time
2cbc372326,worse Pop Mom
8997a62a75,El love in
bce5834e03,my I misses
a9b9f7a878,Woo awesome 12
d72edc0bb2,No internet and
2fdd2501d1,it I advice
5fcaa99ec8,my course Just
3dfd82c60f,Im worse even
16f31448e1,know people now
bab04dc463,aah haappy weeeeks
109b636fa5,takes against provide
cc29d748cb,doesnt hard the
bf4b4c0f0b,well lot I
64b297c15e,cute the is
bc1fbaf4a1,Safe well Good
f59d8d766f,suck know weak
8a1bf14c15,cleaning smile creating
acfcaea70b,an Bit last
97e53162ff,dear oh
c0b7788e74,monday my running
15c531b290,playground same swing
23efa13d7c,happy plurk moms
c44b286776,here doin sittin
29ed43caca,2 catch good
6693f9c143,youre no official
94e0c7c638,great wait the
6114b48cb9,a have likes
32463a2751,overrated meetings are
65ed990460,I love the
505f50a90d,think I cope
481e268403,know I see
5ce968f9be,Nice I WILL
52ad93b3fe,be to miss
e892068fd3,lol laugh totally
226adfd977,fun tonight was
47f11efc72,the fill of
d7b1ac80c4,shower longest Just
401cc22f49,facebook is on
583bae2083,to airport Vegas
f003be5308,Here to strawberries
49ce2570e5,I to better
0693a85163,my out shorts
4b273cd32a,know Youve both
22003c0e96,concert week their
0fe049b7ea,be wait the
3d1184dabd,and Good i
c2392d49e0,one company directors
a25ccabf06,no internet a
9b3fcf1668,Christ with do
d7746b6b68,backing P tour
86c20cf6ee,can she sure
393b22b6c0,ready tonight work
3c03dc0dd0,i artist then
25e2db9995,new band home
d17a3a37e1,him bills get
58f1b52257,want i gooo
32489d483d,blogtv spamming People
00d907ce33,Mothers LOVES for
a7f2db128a,again cracked fell
d39e6da95c,peppers have and
09fea0f3a7,happy are backkk
31eb8ebd2a,cuuuute wait evp
4dda8fd71a,Headed to going
e4d6a48aa7,reply projects cancelled
d0b52412b8,Coco out still
14acfa72dc,Lovely Belong Sister
c6d6fbb9a6,again go Hello
797f9cddc0,arent my screen
4c5672e236,Rivkah appreciate here
d35f126ad0,a great together
efdff6dde7,idiot a Monsoon
4dd3339756,be left misses
dd3cd66574,LOL judge CAVS
e83b4e9bf0,Nimoy Bob jealous
7a27c3a84d,country sad a
19de569235,nothin at twitter
66f1863628,want I chocolate
3690fcb40e,http love twitpic
bad6311330,now yep going
75499e3bd1,had Fun is
27d6472b81,fell nose find
80995dff29,we shall see
ca2d9efd4c,analogy Excellent _other
12bb670169,Good tweeps way
70b4033f03,lmao joking only
8df42cd45a,LUV U YA
82bc030c0d,work bad too
9d6473d14d,cool Made rad
146257b271,closely watching it
2fbae49319,few guess in
b56108fc36,good smart ur
ed54440a2e,is 664oz no
c135b2cef2,employed that announce
48c3502151,registered the twitter
5e6040afd3,Speaking Speaking
3ea60172a0,more go bills
96e1deb162,imagine photo to
819626535b,Glad to its
fec3cae0c2,listed it swing
89d9167173,leaving sad to
dd911923ea,lamb pity though
4f8c391159,get got but
403847cf44,THAT IN Robbie
dad1d09bfb,loves she you
56f5217a16,ness happy birthday
4a9ef1f9d8,it Asthma sucks
5a42a51462,cousin monkey my
c5a584d398,then depp 14
fee936fdc3,killer positioned divs
2813c4cf7e,in one slice
2246ed3d84,laughter kindness acts
1b1243d0b5,traffic hopefully has
09042bf466,better true than
40e3087f9c,for Im babysitting
ad94e8b662,been not very
fc0b053a31,only to belive
9f2a0b0b2f,you online I
7516f86838,put Poorpoor I
2492330594,in reservation excited
9aa7d6a58a,wooie mad to
083e4f782b,now Anyone for
ba5e02305b,im sad info
9f4bb12e13,im still sick
7a01848c2e,how thing sure
ae285917c7,i falls 4me
5575fdaf3c,hold car to
af3fbd5681,Aww got grade
db7211afbf,conf call should
23602f214f,sticks shirt charcoal
c3459bc0bb,will she b
f02eed05d0,cry BGT me
ff7126ea72,being is slow
567ef8c2ed,wait to cool
d50a4dc3bf,tips it update
d6bd94911e,was adorable happy
23bf2d69d2,begins the I
a6623df1a6,love eat i
34409c9b8a,early love you
6a36ea6690,REPLY DOUGIE do
c5ec3e9e37,enjoying am and
e74d67a818,How U Hey
b09824d000,MUAHAHAHHAHAHA scared I
3af70d3bc2,maybe then nope
5e5cb6d0a9,shirt ittt POP
0db9bf3e1f,Place tourists Wheelock
4de0e1bb73,life Perfect Best
9a6736745f,had i during
8d40f9e62d,4vuuy glad love
727e51734b,a tour got
db23b82d03,wrong the In
e03a74beca,haha read who
80b171ef7a,on bummed i
d49d1b7de1,am feeling sorry
4809e143db,is Prom good
0edb544179,not flu having
c50f940f43,logan local go
9a27ba671e,know that You
27c4e1f089,healing the direction
9965c5a810,Chinese Ha pokemon
4f6d52cbd8,afternoon com mozartdog
6c0bac4f19,I Went exhausted
e692bbaf63,welcome good in
365974d586,Good morning world
32db5fc0a5,at auditing decisions
600c58d8b3,actually in ummmm
792c269f24,more including me
2c6f1f637b,presents Zs org
c6322a85c2,ur _Layne fav
3aa450d12d,anything gonna amazing
10ad2966fa,for shows Thankfully
96b3a98962,find bizarre the
b5c13364bb,failed grasp to
06ae0360a2,to no Ill
060db97af7,Church I housework
67d5b57919,com happy to
a4388148b8,same for do
e43b9a1497,I mom love
527b27665d,i Chilling them
dbe35b6a0d,at to why
92c4eadecf,kicked fat Have
b1cec36547,best deserves on
1b5dea3fe9,gets case Early
8d8c915ea5,_eat_out
9b46f1ae17,hope one Thanks
1c68a5f609,You thanks Appreciated
b9a6b682b2,a Morning early
092c10bd84,icons new the
84fd3611d6,best he was
9b8052833a,tell contact to
f9bdd41842,KILL IT talked
13c47e9bc8,awesome looks haha
9a1eaacda3,that cares you
8645bcae50,coated sweet chock
b70c6bf768,on doesnt my
f67575d0e9,her sad in
ba93b78cfc,like the good
77c659aa89,goodnight head the
303a1773cf,every my feel
aa8b44f1b2,hiya you1 for
bf95b25f9d,stinks Im sorry
b21b048c1d,3rd Is or
4f7cba2eff,they ach I
31dbbd2bb4,Did on acronym
a7506a67a4,belive on carnt
b2c81f2c95,comp w slo
99c5936498,text me you
7315faa6ce,tomorroww there mannn
132462ca21,unfortunately I to
a7225483b3,Nam love VietNam
2dfb1e0fe3,already box cardboard
3a013a37a6,mention A little
b70639aec0,Poor to way
0b5a804a3c,an isnt on
78ccd0cec0,r enjoyed will
1c464c8953,lost Utter and
29da8ca76b,sorry atl very
9d414d77dd,nauseous awful making
4d05d59122,down arent just
5a2393940b,going today a
2fd9eef1f8,If Id sunshine
938c32de3e,help anybody for
0e3d04ed05,WV too am
9a0fce6d7e,to twitter use
32eb024489,i too good
6af90a76e4,I you love
2b68738448,Try this one
af087c9deb,my dad to
8823244442,sleep wont eyes
9bb06e4848,check Rayne You
717e76b467,torn my had
3b6fdcc518,going Ian at
f6cb27e38e,be in less
419f3e9ef8,know so but
f29654c873,wonderful Thank Posted
7e46f3f92a,does mothers any
43ad351369,HAHAHA worth ½
853ebd7b47,us made practice
ef60a2d1e7,gcc right rocks
983088f2b4,today Unlike poop
50b353f751,picnic enjoy park
c4cad35b0f,half deleted my
9c44566550,now In is
32b28d840b,Well are Hurray
d576839165,xD and beautiful
86f3b2e352,more from I
ef1eb004ff,too kind are
36bc98037c,addis yeah bought
faaf6a6f64,worth go to
69789cff46,out come Pleeaaasee
586a76af3d,question you DMd
dfd9f1800b,sorry I am
e0090fba83,haha live not
d9e1b10a4f,again sad its
0e5d9cd378,my hit homerun
1a82a50aa9,to send time
57ee48d640,honestys resist to
e0794d1a3e,that i anything
2baa1924cd,another headache migraine
c3261537c6,bored morn to
4acd2d7380,hop i back
259ab53f07,good i them
c180265483,Google often Sites
1e7956b538,have dinner Going
c8a9799256,hiccups awake but
9fdac069e1,i shouldve phone
e27ea173e0,quite
e468a185dc,yes 40 oh
fe626ba958,I off adventure
995db37ffd,twitpic love THIS
a539826f28,my frustrated by
5efc764068,mobile Woo now
e133dbdc62,a pet I
e74af209c6,mothers nice Having
aca7565010,last pizza feel
cac874449f,emails wow But
bff45fe27f,in Boston Thanks
60521a571e,bad my homie
3b6a25d97c,im shingle ha
bcf13877f7,Good morning everyone
c4a8602e0a,92920 punya love
4e06f98760,it shake
62aebe35b6,Raining again
0237b6fd87,morning world good
c860b3f840,having great think
cfdb8ea6d8,to back br
935a3c2bf5,for on charger
c1e33be64e,computer is different
000b3211af,Moms of the
ffa3258a83,both then Are
10f2498c35,many play Failed
35674461fe,great that movie
4c086d6a58,apples caffeine having
d6a8cee69b,I it banging
8e4553e921,go Lets
cbfe82ef26,sick feels really
9fb92f7504,rawesome too yeah
49ffb6b465,eye off guys
ed0ace22bf,have today u
dc346c6f1c,broken this has
178b3ca782,out at work
0e83e0955a,days same the
6d3596cdb3,my bowling haha
696a2abd8a,tools never hurry
26d169a9e9,are in awesome
52fd9f56fb,friends is amazing
2f7b589c41,like smell and
1620bd719e,All No done
6e805ea65a,RIP GOD Edwards
08f6036add,be clean Old
ce4b5fe266,goal is ready
792c97a352,my best friends
384a8c1c53,you depends and
8c08631422,http com phone
daed8640af,tooo me
0c79867978,sad Im My
fe588dce16,the anticipating am
30b5985a07,boring on i
c3e87ee9c0,early reaching mid
5bbfbb31da,ready to babysit
41cf23c2d2,need and Bad
e027169ec6,rep I awful
6c843b2f56,i happy birthday
29736d30cc,forward see Norway
2da7ae1656,awesome
0927b99040,workin tonight home
a35cb60975,in at sun
7e49648b99,tired just am
b7234b7720,at good hope
5bbef6942a,need and tips
c9e5ca399a,been MISS months
d7607b8133,wear http tinyurl
2d5206550f,a Always good
13632b763a,as dealing of
f841b0e812,hours how nails
09e0880c54,long hurts here
bf2419a824,playing hide At
2fac1b845b,do mean you
15fb68bf9f,Im All bad
a93afddcdf,more it That
8ec2997024,cool tweetdeck for
6559ad2e3e,here Wish babe
a2867122b8,morning plastic photo
17deedd7a4,to love I
d27429521a,at now modesty
273aa26c3d,at in night
c12a98d8f3,working i bothered
0a60d11178,grow up kittens
58b7571313,Tom impossible has
a25f8983ff,at scared and
9b172f1737,Hate still preggers
c016333e85,O web is
63ec4e7de6,heeeeey dots Twitter
7796395821,yeah sucks freakin
4f2e517832,now bring packed
b3b338bcd0,followfriday hes added
add95c3198,I how lost
c41d259d60,explain the for
3099b7261b,for people looking
15892f296d,that see would
d12acf4e01,photos of cute
dad3160e52,i to lawn
598603422e,Shoot Only 12
c3c79502f9,to sad has
02b43cd23c,Happy mothers mom
058f39acca,and cookies want
90af5c843a,I my hate
200f2b3566,doesnt it shouldnt
85f882c027,anymore yeah left
5496094dac,bad profile Feeling
866582d5a3,island in is
cb20977501,Today movie good
ddfc2cc8b3,the on over
0de656eac1,fiesta at in
6be59d11d8,better much live
31d260e718,the life button
b22aff92be,market right black
96cc75e508,an happy in
664d148574,the tried not
6872aea3a9,is where home
21d77a32fb,songs best singing
5d8cc77f93,to songs make
803e9c0931,come car another
16ca8a5ecc,oh Kitchen The
038c049e2a,wrong whats
28e1999323,totally was awesome
438a7d203a,and good you
0117a03b6d,made ahahahahahahahahah your
cad99e531f,so could wish
4987bf323b,it did mio
ba3e84e67f,Hiya to you
b2dc59805a,play to out
797aa81fda,Really sick
0ea64bcbe6,clean my sundays
4e7fb463e0,sk Thx http
b33c27ad85,Love to thanks
50eb2a08c3,Al Ain to
0ee55890a7,wrong I wondering
eb9c11eb52,to a worse
cf16d0c659,easier Will ur
f7aa65a988,Irritated goodnight Prom
b8a3fea60e,than a McCain
5389177883,hows hair see
e59fd12277,Home Ride Or
264f1af9a0,screwed and again
d19724f22f,chinese food want
9d4dfb1f9e,is http downloading
e6b380cd3d,grammer stopped said
993c6eadd2,care strong gonna
7993d38b85,of will complaints
42caab438e,shane videos seeing
b5e7df1efe,face sad
017a0bbb36,Aaaaahhhh 5 Funeral
12cfea907c,misses Already
43449f0068,thanks the to
795556dc39,the AWESOME to
38e8111514,have LOL yes
18ee9d146c,with daves at
f5e9c0eef2,for you Good
434e673353,apt the for
8b8932427d,Summer got fighting
c5f383c0a0,No more feel
103459e206,end cute love
8def10379e,tired p I
74af7e0835,or walmart hm
bb53ba1a89,stay here Rio
11c5c7850b,Making different Hes
455ef3e9b6,thx LOL
d761530c7f,is com working
ed1e06027c,go peace there
47b4e91e39,spit torned I
0b39781a5a,a nonsense other
8fbd0b19e6,will whatever be
8429087609,Good tango Wango
7900f25fbc,broke it in
312868ebb2,hello go you
5f2c04acd4,theme little Fixing
55b8e44c02,Toshiba 3gig interested
106aa6d022,not good I
4975dbda48,i but bummed
a3145ba47e,didnt Hey you
7e19629684,sunshine the at
3495e809b3,Back should jump
a1b67a24aa,We are working
a0b1828b67,lovely this soon
311985067b,got April 2day
c392253b42,to in nope
62f3e63c1a,duck your recommend
2942ed51f6,Ate much too
03798acf38,u why are
fd1ebb37c3,barely without You
478a005e7c,by tinyurl photo
9608ece440,normail eight and
e6b24b7014,a youre freak
105b761a2c,now you know
cca7cce9c8,ko isang to
d0b2e14355,Memories
f27f60c847,worry Yep Nothing
5380d2b0e5,FAIL whose on
38148a3e98,to small start
b29ea1892f,videoblog a Make
7dd51bdec1,Lynn by Viehl
409767144d,no Now Wow
c627db4613,yeeeewww back phone
9fc2217d38,xD think amazing
d14b33ede0,Have please good
e7ed611f06,tinyurl and Epic
a61d4c6048,Irish milk cuppa
74b427ffa8,twitter fail mobile
c7568067cd,straight wont by
8a6cdf6832,always watching Army
f4d1a681af,day productive 1
f81d71d2c2,Peace 12 Gone
029a603b00,gotta love the
e6826a5aa5,looks and going
1e41208494,quiz just night
23f4fd4385,today Did few
aa17c6f797,Hurrah true London
136b1926c9,fantastic Cool Thatd
6f381bb00f,live stickam com
c0d5be8bd4,But Cape lessons
e09b90939a,duets plays rusty
ec835dc0b0,link got from
eaf90c4253,hurt im and
41a96b7954,for enough not
e5a26fb323,okay its deal
4e5d66beb2,on creates love
4c5a7e6ffc,was car with
53714350ac,Does it that
b4401d6b4d,onion vinegar and
05ff657624,I already welcome
dd72ee1430,Missed to dance
094e0509ad,to Sorry thats
0182dd7de1,any uncertainties for
5b70f8bc73,should have maybe
8c280d0f80,at deck my
98c02118e6,you phone will
f4f24160c3,know i HAHAHHAH
80420cfe74,a made mother
5f1811bb3d,Happy twitterland Good
c7d3ab998a,reports Writing
7abd932d50,has fever and
ed298c6e5d,nice next very
3257bafde1,it keeping chilled
2c150a0703,beautiful to what
2252c58ab0,Fabulous that pic
7d933d9d21,to terrible you
f6400f56e9,sucks that _
4477b985e5,yes does it
66019ddc8f,wishes ur Thanks
a7cf141043,love weekday waking
4b2b16581a,the sorry cat
e1a3e4575d,penilewords in only
719934e5e0,washed type myself
dcba201932,a miss still
a55208f877,treat psycology love
c13f8a6154,you Happy Star
e0eeef2f3f,and grass with
003816f151,awesome one the
69c36e5f81,officially Now back
898c63c69f,itll never Ive
b01100d6c6,time coffee
131da67079,cried Tosh really
2a83e56667,xox that msn
83b44dda65,night good wait
b3fa6e5c24,me the die
03e41eeb4f,error this it
83fc759a0b,experience twitter ruin
ff9722bca7,almost Blah dollars
ebf6233a5b,Weetabix Yum Choco
9e4228219d,too me
25ce9a8b1b,to Im sad
ed6a316e8a,though Thanks _me
4244aec072,are Good _Nutbar
90751fc00f,First Twitter time
c653189d96,back Captain Jack
9b2b40dda6,them bawlinggg i
e4838b68a2,slow you And
0ce20ef06e,am 6 you
fb030409ab,now those dolls
ae1b11d7ec,makes numb waiting
8739e2666f,i love thanks
e9a77e014a,DONE ITS SUMMER
7920a12924,Had to at
8c091fb754,http little bread
d3e52b51b7,Thanks the for
4addb8e422,misses and 8
f18b102ad6,break n BF
7720aca199,both in tweet
6115285ce8,certain thoughts a
a7af432585,over at time
28db608c0d,work go exciting
7e45ea194d,lost _ thats
4760319f17,more private only
f3de150883,lower need hate
7e82aab535,the tweetdeck done
bcc50747b1,worse I day
357483f649,my dirt shivering
261a5bbd14,what sugar Prejudice
b03e2a23e5,_tdh and rails
ad37dcf4ff,for forward to
5cd1ac2c57,had get great
7f0a146e26,Sorry happened that
3626f85ac4,Mothers 1st Tomorrow
cbd04fb4eb,twitterererers did I
b8f7efe383,seat clear lol
d2ca4e1d3c,said so storm
8eedc5a2ed,I my broke
3b5aecf8d6,July 17 wrong
a154540c08,important and pride
48801ef73a,Ugh flu swine
91412dffcb,haha fun its
68a9b81741,I Effffffort Finally
458f7b2493,swing work wedding
cf05148ed6,booo sucks that
c963a42282,to untalented Hates
3d17d4b72c,climbing were rained
eb79aabf05,not Is working
21d05898d3,oh
e76b1c30bb,i about the
2c5f261ff3,heals Jesus
d3935b8571,Idol I turns
2a35e976ea,werd true very
3d128b58d0,WELL Happy birthday
67348350a4,wings again Without
93b5d1bbea,it teatree did
ed6bd3958e,to five twitterland
45e3f93e9b,Happy and in
51051cb758,work going over
b84ea78203,today I yeah
441dcaef31,amazzing Williams Hayley
b4e721aa1e,the or 12
a92e8ab2a1,Nothing
31d77e5ff5,PHP website a
e887fbdfd5,missing not having
78094a1191,captain you miss
a447f480ec,bit my this
e2fdad0321,Feels OI cry
67cafda653,get anyone follow
356bdefc64,com of Settings
d6ce1fc670,me been Boring
d613b00386,doesnt rank guess
507a584ae5,up here hello
2418966865,isnt wont ROTF
6247a1db0b,go over to
e48cf1bff4,with my saw
6e693017f6,excited http stk04
2c60e1c7a2,thats idk weird
b770afa9e6,boring on a
fe7c9215ae,Not was tonight
472c3e2c41,yay catalyst KiokuDB
0d7697aa10,the positive lol
fe09df7e91,me lame i
33eb5a33be,Time prettifide to
bab53b4152,failed work my
f877442216,Gosh headache a
311740836a,waiting at sat
80aff8d880,have then more
fe89e929f4,nice steve love
0f4be91a14,love life I
5225c062f9,meant We knew
bd499c0bf7,Succesfully Tayla following
483bb46b97,mo game my
dacb6d78af,will fun tomorrow
98b6544758,and tomorrow shell
275fa7a3f8,I hope to
346ce6428b,early Bleargh wake
086bee572e,Great still growing
22df86426d,have live paid
63dcc7d29f,sprinklers day without
f7ac9e16e5,Greatest I asleep
59159f2163,Star pretty just
c7fc03de4d,in was born
002bb8f1b3,cool em pretty
d112d2e5bf,for relaxing went
c762607c42,off today arsenal
09b5db7af0,food no about
aa51082711,del yay hahahaha
d4b544abff,bases the loaded
ea1e41d586,a Cowboy good
ba28fe48b2,over Its already
39e9f0e449,its forever but
209de29f24,Doing My festival
52aad0e22e,And trouble dad
21ab400cb3,I for love
e93220b868,sucks That Seriously
57ea442d4d,rest saw minutes
88a120f336,mom love i
52fc580b72,outa burning blank
3dc1ed5f06,happy genius album
fe2f3f3359,and itll you
e170fafd8c,The Awesome Series
b38df0845d,usual to crying
cf1739382c,hav followers only
63e434fbf0,the off celebrating
43d10bd312,a Yeah frickin
6230b5c435,DAY ITS MOTHERS
c6bc7536ef,my Yay good
c8caef9df3,friends thanks 1
213eae85e9,Good Jonas We
dce070190c,Im bored of
8db4aaef4a,notebook the watching
cf95521362,fees com online
c1dc0dd0f6,confusin lil i
951e093497,time Finally sleep
5a34a7e52c,best 4l85a ever
59f6677324,blew The Heater
9b0db4e33e,i failed and
c9e8281f8c,finished difficult kanji
cac1ba6f5a,feel everyones i
da8a88b872,love yay i
196e5dec12,my They wouldnt
811dc7e401,good not _N9ne
a777619b23,i the miss
8cdaa4f6d8,2 Dammit to
6aa5004916,through hate really
ff7949688c,awesome guys are
309706ed4f,night world good
29091877e1,twitpic cute http
afa094db6a,file app completed
b694518332,dead afford conserving
2d76387d6e,you is i
0b3588bf63,Happy WOO to
0d401237c2,the I avatar
3922543d77,distracted by getting
e3082089c9,otherwise book borders
564c21df63,cant lost I
2c8062a094,take to sad
515793e794,sheets to the
c435fb9416,need iPod JB
c5279762d3,watching do reruns
97eeb0161d,killing and hot
f0f6fda1f6,Thanks adore mama
e8ce4f8bdc,have snapp ohh
c881dc16e9,waiting start exam
89d0aed1ff,Ive ever toast
2ef49da640,better would cant
7db53ed89f,Jam I luh
a2819eaa7a,love katy k
37b50ef2a5,to proud i
4cc7d9995d,gosh i n
c0abd616ab,shell sure Theyre
32058d2bb5,plenty of Kristen
0144252776,3 werent only
0c8dd8b628,berries only I
c80d7e9b26,isnt working link
102384b03c,to go just
f97b498af4,Estonia good hehe
908abc1bd1,totally _jonas101 awesome
0187f448b1,got laid stupid
e833f3a85d,ruined My twitpic
f980f61df3,hoot Grandaughter better
07b57f906c,Wake Up Darling
18ee7c255c,plan up know
f7dc083f08,would I love
6d43a06459,ya ship mean
44da06d16c,to wanna england
938f7e936c,watching I Chitty
ffd54ac7f7,had gym just
e1c4ad96a0,get to loudly
68e6a47c75,go by wrong
05f4f3ddc3,panda Skinnamarinkydinkydink sad
026d3b6611,on DM you
aa7362d09b,a blah cant
c10d6fac3d,cry Im bad
d554ee2fe0,got couldnt and
8534e70d73,to work Going
a9bc0bc35d,Hollie the thing
4b2b6a59d4,not xD But
80a1ed08bf,Sad miss am
cebe0fc8d3,to tastes lysol
a1833e30a5,kill random My
f820ad932c,3criminy more com
9e25d010e9,neighborhood business No
a3b686ba61,kewl gonna mothers
5d9b0f4b31,me when sad
7e69bec42c,sick of taking
422cd4f89f,to life welcome
d78be7b22e,Wednesday Same here
95db70d9c2,yup to at
f2f05cbdae,sweet I the
ab43c568d8,my aaass an
9b04365a55,to bicycle cloudy
2f136d0402,person who important
dc4fa42628,is too you
1cd62f2da1,a Thank at
170f84ffcf,fun too mine
c8e099fef6,via only JS3S4
1e1cb8d9a4,about spock now
9d968ef838,thanks for to
ca10e6b390,Danny his beautiful
d59c09da6c,good so God
16b8e23839,im movie report
e9dd5ad752,of hotness thanks
a1ac7a0543,a few drugs
56395aff30,Star the Wars
356c8f7848,Thanks 5z6n8 http
8d85d53e36,hello to sunshine
320a6e56fc,own pair tight
88c2d7f95e,bought has morning
0740ae9f9b,older your you
4d7def819d,Lamer Uhh I
50c0004af6,you seem doesnt
bcbc9b5e75,Vinegar of got
93236f076c,I Thank to
be4b907022,and Goodnite thank
760723a562,Sore this is
f66a3af202,making of everyone
6e60ed6d59,this ½n for
9c01aa6afd,Video ysbs the
412790a2ed,you so been
266d2b648f,crappy for him
4683236241,function cold its
3b45abf7b5,my feeling heavy
9f8cd8c991,to that hear
c3a4f9710d,360 closing _k_2k
1914dd82b2,Hes old for
51a31aa9a1,her back Hannah
7b9f3f4f39,aww could would
88c7658eb5,ate too many
474b02cd39,for Thanks the
a5cee2035b,Place Austin Dogs
c7e1468a65,bit Strange voicemails
5a877ae4b8,done Well Happy
b8a77cd14c,as we oks
b2bada7873,well And you
aab1caabf0,i to love
7240ccb4b2,it and Hope
c26aabf505,I how call
4f05a05989,love LML life
f4c7e939ef,im miss a
1f2a8f57c9,And Shri fiat
9048ec6e22,of Loves the
c8a8b0e791,the Internet tired
3cb4d10927,its WALL but
112591001f,happy wars star
0b91f39c27,budurl notified http
bc28048a07,thnxx miss to
9f32a3213d,is tired of
8d548b1783,mite an out
fc7842b0b4,on given pizza
3285374ab0,holly dead out
d2141d6d47,Thats great
c032793654,i is grr
8bb73c2ccd,alas xbox play
0996990dca,com me Cleaning
c635a113c8,thanks totally today
88a4261005,making icons still
11b14ae498,night me about
12005b65fc,Waiting on wii
dbabff5048,glimpsing Is clouds
0415387eb8,a the mess
d26016300e,amazing son having
e150ad9d31,head nice cleared
5c0e819f2b,Thanks casual more
462978616d,All pic up
75dc8a3ff6,you here need
a9a725abfa,while give wait
ef1debc105,together
5c2ae1e5f0,com prof twitpic
b820cb8056,mom Happy Mothers
dc6dae7f3b,one com http
3d0c74e523,registered but asylm
0de2a265ef,bless church to
86ae985c48,lol to fun
cc3b05f756,great dor movies
5524acce17,i the did
b33e54d9c8,weather this not
f288113937,relaxation so on
1137d77ecc,a freak got
496abe9ad9,and roads hate
5b204b5429,Hope u12MIW http
c0414a6961,HAPPY MOMS http
65bef2f8c9,to sorry news
65e715d6e5,up I only
4b34697ec5,sad leaving Florida
36c50ba510,mother present mothers
cea5b3f191,go sad today
aa221b6a7d,hey in about
ffcd5cb36e,universal 33 alignment
cb8ff954c0,nick new arosh
af9a810c77,hate thn tht
d98aa88591,No casino Trump
a7977acf38,my yes in
5a9faa4da8,to i show
1b8c3ffa29,points for http
aa1a163174,Will do
a4bb5d0c5c,and best weekend
24e58e264b,LINK THE WORK
01f2c9bae6,Mothers today _M
e02cb0c9a8,but seriously asking
3f8df1fed3,nothin Up with
4b8092674a,gonna til love
ef7149efd3,nooooo Id idiot
c00890fdfc,see you good
e3592de395,Sheep phone is
ad970e1d3f,find wrong cannot
098f6ce321,should I know
2cd5a21fbc,Sending blessings to
fcc4f3baa5,miss it ahh
b86fe0c61a,BGT or tonights
ea1b1fd1bb,in http time
ec00ec25c7,dislocated though painful
17d1fdde01,that weekend the
91de6a547d,pretty his legend
6e8fb1ede7,Ace Jason I
fd9f6c3e21,Saturday be sucks
c3892f8e77,back AR night
639aeb628f,sexy like dp
ef465b57eb,sounds awesome
e0ead16a3d,you I are
b09213d54b,still want no
79256fbe62,no Still Internet
5813e09e81,happening sux no
50d03d593e,in hour recruits
6816923abd,and This together
2524332d66,for that concerned
1900a6978a,cant i Idk
e8d9d9671b,What account rub
c69ccdfa56,Im Thanks in
3c6723fa1b,you got get
85e2495324,late sad home
16b52fbd17,im jealous the
755bcfd6a2,get routine with
fdc09f2f0b,mean youre share
1643564ce1,I wont a
b4b9d74b06,a forward weekeknd
b593189c2d,tinyurl selling dev4xh
7a83b8c7e2,good ali luck
66762b14cd,downloaded I about
7d59117a75,good congrats 3
a769b2340c,gosh be how
4d31092a19,got tell i
fc4660a609,I snappys love
74450e128f,elses what everyone
337ebe2747,today was happy
9db7e301b9,awesome to the
7013b54ea6,Heading til some
990c3cf35f,too rigging sick
10c5d92ceb,Have to dreaded
b8293bb838,Fail her more
cb8cb99053,How are you
a22d319e5f,favorite That is
4d3de34efa,Canada right XO
8e092e15ed,chill good its
356fce670b,wish project my
1ad6adf2ab,How right was
53dbbbdf7d,yay please thanks
5534df9445,and amazing yay
ea390d1f7b,empty kitchen Gutted
7880cbca66,Sox White Darn
58aa2e3401,only and me
d65a8658b0,day the whole
3e99f423ba,poor head stick
d1b38c33f4,WAS my Now
0345e7e526,it never I
53eacec2ef,sick to the
ad2d036578,staff got the
9e5e8ab6a4,miss I today
47126dd509,down means 4
e9ef9a00e9,jeeps acura volume
3da51fc31b,well Inorite humid
ddc89d5956,win a back
499f7fe7dc,hurts stomach my
1f35cb2e27,good luck great
23ea783065,I really wish
dbae8ffc58,I Its complicated
46e5a5f63b,cant i
b9d896f209,for today Yes
25080c4bad,too happy that
760b2e5dfe,head again back
580f2c99e1,good bakes tacos
e243bee98c,love our them
12b499b4ca,walkathon the among
95410148bf,funny feeling love
3acd68b4cb,Thank Vaneta appreciated
f3933c4b73,why bitter hug
245e5f25e2,jodie laughing LOL
70740addc0,Saw laundromat five
29d1ec5e7e,LOL too as
78a3ef0435,new few my
f71ed6b273,great in And
abc7f39d90,a buddy lil
b145670ac9,ugh Seriously move
a193f3b9e1,for Cat Keyboard
cccb3d7081,will do
07ae045cbe,others me you
a5640db7a7,Ill i Sorry
cc1a219c1c,in doesnt hot
1eac051f9c,Ive sent has
31f2861133,more my is
8e65e54144,Yes will do
61ee532258,_leigh positive Thank
52020ad422,Exam is commmmmiinnnnnggggggg
7bbc5a2473,off back work
dd2a769f04,fan try be
b4ebfb22c6,i and thank
51bdb4d865,Feeling work tierd
f948e704f4,products love veggies
87fa9ce0c5,oh aint so
f734459c4c,one join hope
5e14887b13,get thank overcast
85eb03d6b8,NITIN is Thank
7909fa421f,wknd Tea late
36631a41d0,does nor piss
8f11bf53a2,post guitar com
7e21d8a7ab,like kde fail
2f00504c96,up Making breakfast
bc14c389af,67fue pretty twitpic
dae7a3eeb1,Ugh a blues
9b7811b2e0,life in love
06b8d9e26c,welcome
bcd7910701,of fresh medicate
7c229b34c1,_Itx unfortunately credits
f26105a320,get cold 70
0a5e7d6cb1,know you what
b34a3fd669,cookies are good
05810a7cdd,loved John Hynde
8531be3694,very til good
70187852a7,superfly the supporting
31d03bff54,sounds me up
2938f51a3a,feel dont like
a153babf33,league with mode
4baf1c6930,yummy recommendations cream
d409e4ce46,break my home
dbc696a3ef,Mock and is
237b093176,house I unfortunately
2b8b0a7d10,Is again twubbing
a8a1e94417,heck garage da
c99820b355,believe across cry
4841c38e53,got now Downloading
bd3b30d13c,http happy com
8c03f75944,IN FRIDAY HERE
570a5c063b,hopefully to much
383aa5ec8b,early for normal
038a99e313,day see love
8862c02132,attend so invalid
d83606a58a,night back now
9412b17d47,different places What
db76d74945,hug Race Cure
f873960a48,go get sumthin
aaf69acf6f,walked and to
361b6281a6,lab me logic
1fb696a58c,Thanks on We
51f56d7464,some till laker
1b673ea212,year second be
ffe02fe3f5,movin brady dinna
8255b23e72,Im to growing
e108bb4fa1,woke I is
9599acaca6,you ME both
3bd6b2df8c,2 around Glad
c281b14817,finals tomorrow friday
93eb6effbb,know to have
30abfb5b07,Wish coming PS
419862456e,this hate bit
5c8a453297,photoshoot the Can
2bbe1f652e,everyone goodmorning
0eb1ab3558,the did out
baf2ccb1cc,i night was
259a4c12db,travelin happy celebrating
b56c29ed7d,miss the are
f1f8d50eff,I these links
f61ae5403a,please tour can
97fd42d38b,miss I my
72624c934f,love Are I
20967289f5,next helped good
bd5f768159,tomorrow is excited
9b1060a30e,the hope Well
704dfebd66,stopped failing drivers
1177c602c8,to Nikki always
92866f7b8c,you Thank
13d0b4314e,reality crunching added
892b8a0cf8,we r i
5d8102cab8,put He just
3fcdacf90f,getting Well through
17d1a66db4,No classes bummed
4d22612bb6,weekend for the
3cd2b0d233,show wishing the
da72cfc9cc,dead ly rip
fd57cd4c4e,time watching I
0a57a17968,Got Coney Island
a9e176a76e,get hey didnt
41ff25c568,more sad disgusting
064b2cc709,sucks Life pff
00b7a60703,faster charger I
6896f19343,now time for
cce4a3ca50,chicken was How
c9d4cf96af,asshat for paid
733ac52be6,Happy Sunday of
cf1a0bb3c2,more then Nope
8b1ef2334e,with sticking tubes
d31c27398f,morning early then
9f42f42b4f,amazing listening to
98cfd1162e,a bummer thats
00c8cfed18,im to dont
bbe85e3495,the missin ia2009
0cc4081476,im funnyyy lol
c45f5fb9e6,yep night to
7e5457bddf,WORKK yay
d138ab0b3a,raining know the
6ade83d96d,link in post
fbbeb51073,thank you Soulmate
74b57c43cc,cars bad need
f7638c4126,Hey rear RE
562c683a44,wait thanks I
1f403981ef,can cancel pizza
9358a6253c,havent packing I
628bab2c42,no Im loosing
d934e438cc,work home got
548b9da461,love Life and
e0f9a074cf,that Personal better
5fb992345d,haha make wait
590ede849e,message Sorry what
b78e0c4c19,your inspired Thank
02073f1c62,nvrmind I dirty
112da4faa0,at go for
1d3c1b4821,eating roll from
70d05bf740,im borin yep
816bbfcd52,MOTHERS HAPPY 2
40760ea4e8,easier looking for
d6738c3768,point Excellent
e0d893b360,I im woman
e344ef4cf6,from truth the
84f961fdb2,bit enjoy Morning
c002c2eddd,Start good movie
7369cf2fc5,CA 09 for
543a06c64b,shoulder sore OMG
1047b78606,Cutie in Love
62dd5efb10,off get the
4652d96d01,goodnite goin bed
1f9019bba5,witty wacko loves
e8a7f5e1a3,between it refuse
2f2721c6fe,dont line whenever
9c52e5ba66,I had love
d72748e39c,never miss an
bb96cfef66,sucks the my
14c6d8edd1,for 29th on
44c3407b4d,stars theres see
6f15fcf64e,other sick tired
5a4ebbbdba,bed to back
6ee991d0cd,you well viewing
9932b9c033,is couldnt workin
8ba9d3448f,you my friend
f6f7382036,miss her 66l83
a93501213c,sunday happy all
703a5708f6,enjoy know a
683149f529,care maybe well
9a00c7fd06,Awww very that
9a1177c3fb,slaving work away
226dcfa96d,forget to US
e4364d95c3,my Fml I
b14b4d5209,want and you
f04b0ca7f2,work with out
44c7e944b9,is not Going
fb6110efb9,Raaaaaaaaaaagh work early
61c907173c,you go There
2334ad25e6,good not we
c2484278c9,Oh films Kwento
e39cb0ca13,lol got cruise
5f54c3d4cb,lame bushing seized
62e1413e85,Hearing songs grin
d7b287d1e7,still where the
67ff57361c,Eh your Canada
762a44afb6,Mrs left Bates
1a38bc0602,broken Hates having
a0c3ef4a01,funny too Timberlake
de2a14a465,of 09 Last
94488794d4,Lol Hi Shot
12b631ca7b,actually playing version
95dfefd4e7,wait in so
e637c11dca,Forgot gonna mad
3775d15b1d,to had cancelled
7f62c60ffe,hey tell plz
a5abb95859,bouvierb Birthday Happy
e32bcc9304,come 8p apart
f4e8990f70,BUMMER me he
2f9f6f89cd,Tell OfficialShew X
a86d48a430,Heaos keen Mummy
1e2e4371a9,hate arrgh boys
dd3dbdf77e,Ms hi Fussy
8d4c510735,hope a take
4ea8274298,with s at
b521edea57,great having like
a74b7578a5,spelled com wrong
173738ce2a,me as wana
674bb5ca74,for British of
6e424d5ccf,work wud just
d4305524e2,updates phone sent
e71ac19463,sleepover in were
ab464f70e6,would wish I
d546f8c422,my Amazing a
bab26fdc24,wtf codeh pansy
4f0c1d97c4,trouble I hand
24a7c7e988,my know with
b7b0f4fb71,Just feeling run
6957e5f1bf,come How
ee87e14bee,want and you
0f9b915617,Sunburn ouch
f3afed1887,beer Fun friends
51d74124da,tomorrow good going
bcd831b113,wish be ceremony
f39c65d9ef,hrs got sleep
1a9933a4fe,HAPPY I LOVE
c4453ff2b8,sending Thanks the
a3f0f32135,Arrrr 2day Black
f433396b44,too my wish
6388c670c6,_Hodges loss Yup
bc3032341b,im ill sad
b7c1a22a62,know my some
ca66e5e4b6,farrr her cute
be16255b41,Please Wake Up
8fa75341d4,Would of good
d147a9feb1,Macs have know
afc17894d4,im sorry
03b569041c,It rained here
ea5c577cb7,go disappointed to
9891da8fff,These messages fair
5f42a2d026,to member a
d3a576d221,time SF about
eea9145f1b,about ack read
49ec0f5742,so luv awesome
7b65e54ea9,taunt amazing way
80832ca578,and you connected
be226efbd2,you and ask
0b581d3f9f,Baltimore to Headed
1973abbb06,up morning early
7c6b2e810a,Writing making or
ab07a3fe36,and hands hurt
b8d1e767b2,lousier I feel
efba862a1b,out moved of
d109999477,Knight play Wish
cf64d19714,Thank love soo
cc153c2a35,my new shirt
c5556624b0,soon love unfollow
f46d274a8b,someone heard the
910a250227,get happy hope
ab52225ed8,this raining dinner
f40d533a23,got all As
c336250f8f,home me stay
f23c1c4255,not happy
896289196c,settle now matter
02624773ca,in show wish
31a107dbcf,But on side
eabaf375f4,picture from that
51313cb3fd,Guitar watching both
42ebd9099d,I food have
6ac3031bc9,xxxx toe stuff
666f836b32,2 of dey
6e41749ac7,wont me callin
98f836e4b6,I watching after
88b6d952b6,im sad ppl
f6d56869b1,rub exciting should
58272bcdb4,Nanny misses
5ded2a1364,you Catch _Allison
6612e42b28,is Kyle Codys
c10ae302bc,2 but at
980578403b,pea plants
de0673a07d,are fun castles
dc0f5bca14,for At anthonys
787df2fd0f,8 ten cute
36f885a911,move despise anywhere
acf54fad30,old going Im
8b0054a807,Poor lost is
4bc7d627ad,be Yes for
6bdd5e9d7e,Trying mall with
af706b4c58,more can i
4987043fd4,im hm hmm
e7f2b44a1f,phone home at
cc53e85d21,old loves Proud
9508bfc99f,feels to sick
3ba9e80d1d,go work Off
300c739684,cute potuguese in
e056f0a268,email shot Hey
a050668b78,thanks fine i
887e90ff88,zach sorry ew
047abbd04e,know I Im
b6d5af9406,aww com why
fd34ad6207,2 round
278c0dceeb,hate boooooooooo is
b6f66e0621,huge in IMAX
1853fae31c,SharonP me Tis
87c799a397,gonna miss to
4bc4d97503,left have shouldnt
d11816c1c7,with Eclipse at
0fe8023456,WHY feels the
a9b19af9ee,To plan Up
6d65d9dc54,this how tinyurl
5f91766356,too me aww
62c9a90f1d,tea cup a
2d5b920414,the Ill links
b96b9ecc3c,great Finished Lots
a0e8168015,in Going followers
4f9ee6208c,_city hi tell
e5339e66dc,always I enjoy
7811012154,blurgh couldnt to
2d361cdd4d,have I Hehehehe
eeb047e369,back after night
f7378bc34c,cant My hurts
d682402e60,Yup nurse Hes
2983528f77,haha here _amr
4bb00e884a,something CANT depressed
4e4e9c3802,outside to rain
fc6128f4e5,starship class on
bed26c1d7f,u LOVE BUCK
b6262b919a,my been has
61eae11e5e,haha amusing the
536116702e,good think and
1ee5496252,the 2 lived
baeb21b26f,they wont a
d8f4aefacc,of tea SFTW
1f7717fc7a,the though thanks
70932f6376,AND ELEGANT BEAUTIFUL
eba3cee9be,u _Brown Thank
a5e47d75c0,I of see
10b36df3e0,unfortunately work That
c027e514d7,at morning Early
3dbb8c1489,perfect picking right
b8c518e02d,for com Good
eeff416e05,sure meet know
a267dfc19a,know overflow you
3d1d381278,of a worse
8d36ad290b,of Case the
bf6727bf27,happening at moment
3864a39777,reconnecting friends amadeus
e84aa8b193,change and Sad
defc8b34af,good not I
4e43ad756c,Aw exist says
0f22984306,ok wel school
ee9eaed59b,chocolate break is
6dc625db0d,them sites yay
671f6900a9,my iphone testing
0e0424c9bd,gummy and bears
e6c2edcb0b,party fun had
9b210c4a6f,IM YAY Haha
4d461bba2e,I shes the
b733d36b6e,I weeks two
68c674acdb,even sick sucks
6cadda7b98,my use amazing
79a28b1ac7,that got early
92d94fa045,the Its pastor
05a1b09ce9,friend her will
e6b01d5777,MY cant and
2c4b87059b,waaaa the tickets
8c5e613c41,on did in
6c31bc1182,excited of to
5f4e052208,48hours Doing then
8485d5828e,Someone should bring
3735770b07,its hand has
4c395ff61b,to for sad
cb673d84af,I BAD UGH
4ad37ac5b7,to out today
929b5c888c,my whiiite wont
fa959f2dd3,unfortunately and drunk
78d89e7c64,dunno updates Yeah
127ee02f19,tonight very bad
f6c69d962e,on the LOVE
4a653d8227,world moms congratulations
35eb97a484,hurry wouldnt be
55441697a6,is this eaten
49a1fc4061,welcome to friend
2e49927901,mothers dayyy Happy
f85c7e5ead,Ben Says fail
6033018ee4,DM web on
0c35e093bd,YAYAYYAYAYAY out 2010
7069dd2486,hard very its
7a78bcf308,u stuck booo
894e948ead,Fear deserve dont
fa89412e2a,bottle at empire
12b2075369,not impressed ly
0d77390e74,Kudos great you
8f3fc77f66,gotta if goodnight
df0f568747,still miss hes
67a5d0a19c,Trek Star Burger
0435d42f80,BLESS PRINT TO
1e633e1874,the you include
81950f02a4,recomend AMAZING Silverstein
0b8b37ba52,exactly i moped
aeb0593edf,bum today a
e09f5b6b95,cd for search
f60dbc9737,to made glad
e0e9cb3902,out of listening
3ec9a1578c,in my Spilled
349251e2a4,n they move
07c4438a0a,7 time in
441e2a5a82,wonderful LOVE from
09140327f6,embarassing is awesome
2fadf73014,worse My its
ef5ba215b6,can sublime band
440e8fc447,good fukinï xD
7eb1620dec,S Shop smart
bdc7de6846,yes turn anything
d2565af489,INCREDIBLY sweet a
4ed4f2fce6,miss ITV2 in
ecc58c9428,the off with
915ce84b4b,Too Enjoy I
4d194d770c,To clip to
eed1736183,god of couldnt
13ca815d01,mi sausage to
48a90031bd,got for in
1c14b45cee,of in moved
242de9277c,Good tonight are
b287d39fb3,I hope you
0986073590,data far lost
081ac56240,Up sold for
095410237d,to AMAZING and
3cf6817f75,miss we the
edd38781e4,seriously and lonely
d664f99182,coworkers forgot to
e8ddfa3959,over fun 5z8da
502aa24ca7,early then of
3861b033fb,Bay bridge the
86a28f67e9,Do Dylan _x
83c92f835b,still jonasnewsongs missing
8d138ab15b,yeah still to
9e8665abc5,shop fridge Rolandos
d4623c0bd6,no worries
75ca238abe,Im miss sad
ec8507eef4,5 of Thanks
65c1831198,you if love
dcb745bcf2,hour up early
cb1a68137c,after me to
a4d578eeb1,9 Wednesday night
64cf7657b9,out has the
650fcedd22,back in hes
0e0b4a2960,IE8 better would
106a999786,grade from a
6c18eab109,profile cant Facebook
d792349406,freaked poor soo
dbdbe24969,FINALLY dinner bam
5a3c9bf459,just new requirements
f61861742c,clean and happy
2a69a25949,Fisher Shea Chase
8d02587ab0,received some SUV
6940969fb4,since and suck
06aaa8e680,gonna great prom
f4052e9331,iphone why tr
35f539ffa8,with dead crying
736f2bd7b6,slice for jumbo
35e15c616c,the _Bloody_Poet matter
4104064854,in just label
d5c25dbc63,see need vampires
34b7f333cb,happy everyone is
bdf9453e5e,Jill sent in
6c409292ce,tonight JT on
ee89b16825,be seems to
9f0147e874,sleep Tomorrow going
1962233e5d,Brian Im afraid
f2d120c26e,tonight than Missing
10c841e57b,got add anyone
5aa568e0a4,short any photofollows
2c9aebcb01,jack all Birthday
101a8b583a,I Past Never
e01eb1cf88,stars im on
7017d6c8cf,interfacelift BEAUTIFUL wallpapers
4793312f15,Timberlake one out
ed539778c1,bored news not
198854f289,practice relaxing she
d1aa96a414,love a the
92fe747a96,eweryone in good
02077519e6,Art same College
784fbab498,more According sfs
a3dff88c1d,that sad a
1977ce206b,better them than
21c6854561,stuck going well
eb9b4d2431,Gotta of love
0b3b751482,LOVE film olivia
932af12853,each just awesome
aacd4d0c3f,loving lady and
ee35fcd036,go at Lum
44daf50a02,content my writing
7623079330,has wonderful a
e64b0cc77d,Mike yeah out
780ee451f1,great best the
59ee5ff2f9,ready headache finished
001e4be1ab,Rachel stuffs of
363460c8f4,no the got
5be8565b8d,sad cant Im
ecaa478ef4,milk same going
acdbccaeeb,showing picture my
fc28b797bb,to for coffee
5a8f396cb2,till 5pm then
06a6314076,I sucks completely
82ea51ab18,chin wanna I
895cec1c48,fun com http
8fb50df8d2,great so feeling
37fa199c50,miley I to
121b9c13c2,good the fray
451880b8a6,Love to SuperCr3w
c08a90abbd,finished by amazing
23dad0b69f,Im seriously screwed
470f2669c4,lol roll my
53aae02026,Twitter new to
ec946f285d,my tired im
0b25a31b7e,is surfin
d2a3207aae,Trek too Did
5dbb7ae2a3,deleted hoorayyy freakin
151779dfad,I bad guess
c4393e4cba,DAY awesome the
88051e4bea,you me great
845495ffac,and happy know
241afcd4ec,to FAB ready
eb85ce805d,Welcome to You
a04227ef4e,it to Missing
98c11bdba8,go wanna in
11634e3bf7,need got ground
944cb46d62,OOO wish http
c9dfbf4275,now a know
1c2a41d71e,at to band
c5d1af4ed5,Ace the exams
8c582b0575,though burnt hot
db331541b6,name sunshine is
82c72d7fd0,fail my away
ade8ce79b8,wouldnt lied an
80d96cab37,with who will
2a054d9205,what too yeah
2f8250d0df,get why song
0c83190ad8,hehe OMG perfect
7ebaf21cf7,my with hanging
cabf8f9dea,Not yet early
706a860942,_tron oh god
5de3c34293,online one is
327f378bd9,know I Telling
9d187014d5,soooo ½m tierd
e4f5ac16a7,Where _n get
7120ebfa1b,just wanna there
1b64ea8f30,10 fresh pray
954f523ded,a gr8 good
ed4b3d03eb,still my feel
87187923db,to grrrr trafficjam
bd13675621,Nomore time adventure
e389e41385,happy Tweeteramas holiday
88375a5f3e,the Lauras miss
7257f9b2b0,lovely croissant of
d80d99b28c,the out now
f6d3caf9ed,seems spent All
a00246028f,msged why u
57f432f582,yum Yummy mothers
14193ff01c,MikeFrizzi I without
07a8205fee,well I BEA
11e23ea0ed,catch u if
9198679ac1,stupid wireless
348804d270,typical Crys move
dd7a9fb210,wednesday Friday School
839095ea38,Experience included Jonas
fb10c20429,saw playing from
f52e7e5a88,coming hunt in
db4a79059a,the raining back
9114d80bac,and LOTS Laundry
7674cfa90a,today dragging ha
7dc87b5fc5,Had thanks mpix
6328fd1b81,is quality Planning
0473875c4a,the sad to
3709c4e1be,an great interesting
962ca0488f,not her advertisement
846d43bc8f,FAIL life closed
aa6e04fee2,spinning and to
b84d47c65f,amazing Im http
646d1df036,Good _Freya Night
b00763f904,in week rain
da60c4db48,very a enjoyed
ebecd8135f,yeahh
5b584d38ff,Party till Yeah
eaf8a522e9,to do bummer
4e38efebc2,my eating cereal
3195d34e5b,the Good about
8d2be5bfc8,Yeah havent making
6788d6c565,Simon Got Dec
fd7434a0e9,for done year
3e3496c6d4,it post forest
81defce8a3,that 20 twitter
62ed3d6141,able loved I
1219ed4a21,LOVE SAY YOU
9c90694664,tweet last phone
c35b8dbb8a,excited eeek see
b39dbc6ee5,Its SO Thanks
3df0f721e1,album I better
e9c8585ad1,she Pink crush
2c9d5de236,everyone Happy Mothers
f3912c1463,for scanner County
fc5aa0f34f,thanks much for
ce71d002ec,is may nice
dab7f56791,u happy not
4c1733246f,knock my thats
cc1f8918df,history in is
76f0861133,at awesome hope
074b2d89dd,http guest saw
398d591255,it hair haha
f8d8ebaf8d,Bill roots by
a267c3e874,at dinner are
c6e5884baa,like miss days
b1ddb9811e,not hes said
e30721df0d,guest At appearance
ac4a84a76c,Arent miss at
959c593450,to out afraid
f20074e0d0,holiday thanks as
259b075523,u my sucks
19365e33a0,july
78b24a76c4,Im Which blocked
00276ae6b1,66riq Emoticons twitpic
3592e3ebc9,luck the wish
79c57e46eb,sorry I got
54eba9eb73,thanks awesome lunch
e17302312e,miss I Gosh
360af83c85,Top Good Gear
4331a46aba,wet it hot
10502f22bf,have sad tweeted
6d7cbd206f,babe love know
5be9ccda69,Nooooo Im I
0dc0eb905d,looking Not the
a29a76a54c,pay sad so
63491134ab,made skiLLs my
4fb2131d08,are helpful some
2cec07986b,Perth Falcon 1997
5e84445c6a,suck and tired
fd5eece5b2,relaxing of If
7b88197891,much hmph my
3ba8596881,yes now Mr
ee6febbfb4,At saw G
fff97388cf,for thanks the
e54c45018b,please Star Enjoyed
2a2c1635c8,lifes SAD ITS
ca929837eb,darn I frustrating
046af350ac,I ironic there
19f108c62c,in Little off
7a897c9999,others any com
1aba7766ca,ever card credit
575e4a89fe,tts sweet you
7e8212f5f2,hear sorry to
8800a2d912,pretty that Good
e05fd863d4,outs now Guessed
09a5b9b958,year this accounts
32b129dc3f,the Moms Happy
b4031d0753,me Yay But
e7a0f7ac99,same to the
a9da40eedd,were on letter
3c9419868b,id today tell
0d45e4e926,weak of 4s
b667160840,it then post
587cf8a61e,it honor is
89ac21e1f6,being boring i
6769efef8a,yes wontt twins
b1f6fb88d4,again small Cut
34a862a739,loving Mortal Combat
5da03690bc,Mmmmm so healthy
bc7b967aea,ugh Im depressed
9be622ea54,My awful on
faee4563bd,congrats che snowbear
02baa25e55,Oh no stopped
e162b84433,I to never
156816e845,yum i my
c13b15d9d1,updates twitter on
204d6510c6,at hate am
fbd510ea84,dont understand beat
2793cbbfab,inspirational to Inspired
490734b764,Mothers mothers salute
b106a248a9,sucks Hail going
9f9a4e2bb2,Please outside tweetup
6e2c555beb,awesome the keep
838c1184b4,bluetooth that battery
b04dcbb3be,watching dont get
71c6b00c21,fml is ayy
81de3c6143,kitty is wonderful
bfb0644d9e,not Was now
f02bdad05e,ahead go not
f57f3b6265,greatest anticipation a
16a66e0b8c,5000 you requests
84c5b0a3f6,Bright London consider
83e576fd29,Busted Listening miss
9946895c91,idea Great
49ec855925,song have want
ee51d32074,great one would
ab5b510355,have winter to
d64eec0d6c,unless mothers back
75b30e5358,Im lobby One
514b972ba8,MESSY _Fenton cleaning
bd90c840ea,I MET AGAIN
3ee7e1cbb0,and in good
e5599343e7,awake couldnt been
0b20eef5b1,about tempted sounds
790af846a5,doesnt have Beyonce
f6e3a6dd55,LOL star I
abc1500c46,where Thats talks
9d6fc9c77a,a say sad
73e548424b,missed the I
316d5aeaf6,just exciting into
7907132523,2 In with
43ee9d3c82,Me too
a584ebd602,_queen like it
3d4b0a81a6,shouldve YOUR list
b303da170c,am I die
9f7da3aa4a,i _08 opinion
e22beff480,Working this Nooooo
a6a3368db8,win like imo
389fc0d397,corn scheduled dog
1bed6bec2a,COP http twib
1ca1423c00,close then work
778c5660f8,Timberlake great skit
9dfd003f1e,everyday to me
f61d7dbd8b,two special each
f5d5f1fd33,wrong sun burnt
6be041409c,katy that songs
4c79259b5e,Disney all I
9cd32dbec4,WTF room and
675ce92149,broken cant c
1d84094014,http fully know
dc9685bc8a,cant to my
b7e17b2bde,my was mega
903cce2dcd,hours Whoooooo today
1c1077af54,monday Man holiday
c625cee17b,wear include you
6c82821920,found events says
ced1083324,y did sun
1d428212cb,bored hate gosh
a4ee41dc64,a original My
12da846f8e,Shopping
4f1a7d1d2c,anything its they
d901264a08,rearry i rip
61ce1c40e5,interesting I Well
8dd7e34100,you love see
6475c6d26d,_andersen thank appreciate
b681aef9aa,wonderland work to
5423cf0811,to tickets the
ace8edef1d,sick starting Im
8b3811c819,miso some soup
e9174e5bb2,LIFESTORY MISSING this
0b6444627a,ruined separate i
960ade8bfd,again Its using
a8bf8239bd,get ROFL could
33680fc87e,being computer geek
e0264b2a5f,miss I you
25ce655a84,a good sentence
25f1991c36,is it unhappy
84fcf21a64,hopeless to god
7de5a7e4cc,for studying econ
389a3e653c,great its on
4c0329867c,it out more
20a5175d49,official new will
2785576a5b,im in bin
b7299d0e70,know i hear
e035aa9fe3,Yay Internet on
5eb31e181d,rolled Elise Have
1281b062a4,you better smile
54aa9ae3a8,this two better
1d18c624f2,i why and
9fbf0d59cc,rain lafff the
f2a92aa5ff,sexiest and love
0d737380e2,barely it of
592b350f6f,Rocksteady ateltl II
4363c63d9c,see knew cool
533a5604dc,more great im
437f792822,all I blame
de168e6328,http Bell And
d60072b03a,is tv lame
8986091fd3,moms to wishes
3b743ded7e,love So 3
79e7a9ed8e,maybe did or
dabac40552,EXCITED CO ON
b0cae38eb0,to right woop
96e77388b8,getting ½s itï
3e9ba7f25b,good fronted awesome
4fb0995de8,forecast that Hows
e711c03c57,the tweet simple
52576ae085,june rained had
2b049dbcb1,the streets of
adc5ea18b3,new stewarts Rod
5c9645561c,a unable an
ef329bc827,shopping me martini
841a5cfcdf,bank deliver Where
52eaf44b44,Good to the
895de1648c,tomorrow whole tired
9e972c1093,comes it and
ebf2a10961,for sad i
bd74c21c43,nachos the tudors
a6aeb0b520,NYC Love on
24afdc75e3,alive onto know
0d4d5b49b2,and is sad
78819d2e53,gone Theyre
91c44d5912,fault all Whats
11aa4945ff,calling Malta from
495299c926,out losing muscle
7f3b118605,NIKKI shoutout Em
3da6270b02,I slave def
9a2689017d,a best Won
5eea04087b,Sitting then left
7058fc87de,LOVE song Fighter
95189cd3a8,sucks up stuck
40ae4f1f0c,day showered into
d24c474353,rebel against the
b13981be78,late me too
44b0b41b62,BabyLove Baby D
a2c8b8dad7,Brisbane funding lack
4d818fe6e0,dont I the
b8d9a368ae,cute all ur
0010bcc0e2,recovering a from
58c5bad2d3,is to hate
7407e1cf5a,wasted got i
0e3d0b5ab5,the follow DD
c0e5365bf0,is horrible going
0be9ed25f8,jealous com even
04095b70bd,sadface
64b8d96644,denied vittles me
68bf3f1fec,forgot I Oops
8e3b60deaa,floor killed I
341ed728c7,i dam hollyoaks
f585c22106,a sucks relisting
888b3fdf3e,the best yuFil
540f0477e3,earth them Jake
79852f9590,think too expensive
32b2c8b924,got him for
94e0366b6d,http couch that
094681e31c,pages loev Brian
6641548d60,go better liked
b05be3118d,fever trouble pain
291b817092,feel Ugh Im
f837a046a9,_grant Donna lovely
a567459a1a,read happy something
4cc3d3824c,send Good Please
e959cf04e4,distant b9v90 actually
271bb5e6b7,nice Loving Friends
c8b610923d,a is recession
27d0c01bc2,goin REEEALLY whats
b86d2cca27,a flat also
9c11756ef3,Love this twitpic
7bad0b9772,get poor back
c6881ba0e1,in Chaaron i
81622f137d,pretty love u
82cdd851b7,lmao yep
911bd25026,Aaaaaaaa hate I
a64b23f5e4,miss focus my
30e7967de4,Hope To and
f45a9649fb,to work go
da5c3fa1ef,smash love you
22e5e3cad2,http Did 07kBP
3ba549158f,me too you
a975e49753,Huge goodnight headache
c3541b6a2f,sucks that
40e1ca4ab0,she thats what
08d8063529,good lol must
36aabd3627,but cant belive
8f851c59f6,got cold how
a351659f85,sad last from
33ae501ac5,im blerrrrrrrrrrgh hot
3775f77081,fish bangus dinner
cff0e3e256,ill i feel
0ac7e72578,final Then Biology
b854daaaf8,Mothers tomorrow enjoy
85117f3ab3,home Doing got
daa651cfd4,how hard LT
85de235e0e,exited kirsty im
a8e51d1a43,u I miss
28825fc1f9,drive good and
0796ce6ac4,at car or
416726e6d2,would happy sure
0e4bcb3a52,VALK Happy Mothers
dd77d3f5cd,wrong me just
bf46ac3c7f,to system have
3742419885,tomorrow hours more
a203734990,im LOVE proud
2b70bcd0ad,the time flew
50dd008fb5,bank about The
c501544be4,miss her Potluck
5b5be601c2,sucks is worse
ddb4330613,start time some
cc0ad12b7c,usual limbo in
4aac092937,pretty sexy looking
a1ae4e2000,Off new Q
8b37012287,KNOW PASSWORD YNA
856bb40ae0,too forgot picked
cad8db609a,hard having falling
93a199b78f,do the please
dd49f1179d,Im my is
5f455a3147,tire Flat city
1d5d10eedf,im after hate
16357f7283,the hope on
5657eb8429,viewable http Hey
65c7eae9b6,9412 best on
ebb86c4db5,220 bit parks
5bf798868a,eat will you
756d255e40,with at home
4d21d7611c,too loved amazing
131bc4a304,goes know good
0a2c386597,Been since Good
71617c28b6,drive Amazing the
656e4dfa55,go shoot Sam
fb08563a7b,ice bored weather
5c04a86c88,hopin blip yay
94c3127153,have car from
226c11669d,Museum Sooo got
79e554fd60,good nite its
582e5d7420,directions all go
f18ed21359,been should senior
206aba0edd,is best the
1f2445122f,better he I
ee100f96c1,yahoo to doable
e939fe583c,message to spam
a1f42c0c89,thats maybe lap
2cebd75ed4,the no feel
5921dbcbf3,ugh to leaving
e1db1eab6e,play the Origins
982b1c05d3,wait curious the
afd2159e57,thanks done creds
533d941f5f,gunna partners more
38c4f74767,the Jacks hogging
f50fcc36b5,amazing we i
676b733c57,pretty elisem 1473318
1aa65233b0,helps unwind relax
f422f53b7f,seriously yu dance
04887b5405,gabe Cant gaby
f7f3dc7102,since here no
081a4e8b31,already cant believe
1f45286504,party Alixs graduation
6ed0958471,then the time
2132f07ca3,I love the
6db884e1a8,did swing close
9fb3633760,sucks i a
5181eb11e4,am Thank I
13cad32c3f,Nash Kate musicmonday
41a86a9b67,i to need
0b2ccf0b7e,e went lucky
6f91801792,my not been
d8f089b479,only _x in
ded636e263,a copy first
52d7fcfd39,forward to not
5acf4885d4,omg fun sending
dfe5909132,knocked Bron commrcials
59d4b58ebd,You I appreciate
b5cbb35228,frank hair now
ad1524a0c7,badly to him
0382b0a358,then go how
fe9c9f7f2f,sorry to beer
7a4f2f28ba,this sucks cleanup
4b3a5b41b6,is the where
b6cd695d48,away jesska stick
cd60606781,Love enjoyed shrugs
32e183bbad,CASSETTE ROMANCE dhini
15e5ad39f3,to crappy my
bfca4ba8ce,2 i jealous
062ffc4f0d,that to leave
5bdecb0d75,a for cheeseburger
1b59763e81,dont say you
a17703215b,I tea have
a240940b31,is this reader
6c256de604,girl full it
5955233380,heyy how are
51be0f0a7c,your packed AM
11946e367a,Wow believe good
5d9e44e6aa,wtf sad a
a37538b291,all Just expensive
c9a52dee1f,nap Im 2day
1dda981140,better the than
35aa02c551,im ahhahah sorry
dbeef30a84,i _bear like
67381561f6,ugh i a
3911f274d6,back again bed
ed84aa3983,the shift nothings
822cf03d0d,Internet drawing which
670ce5e88e,always choose Black
10022832ae,suffering Im and
7f8240f623,hey UK next
f1776ec89e,best well hope
2ea6cb3bd3,go to work
877130d7e5,HAPPY TO MOTHERS
1937abbaac,my mouth sunburnt
0a36e72ac2,because home staying
e4fa21bd2f,are bad classic
cfd68d702e,STILL summer want
b5da09a0f6,WTF i cant
53a531c7b4,voter skin with
32739ec46e,wake monday bake
054d16c70d,then tried but
b1195a418c,This weekend best
2d782345bc,succes was weer
b8b975d265,today Stupid weather
4b1e5d7c3a,could _YoureMyHeroine know
5898290010,off early not
39f74c5153,to estonia woohoo
3949bb2591,hope for we
ced0bb0d25,predictive stupid like
5428d6a1dd,mahjong I lost
3f09fa2af2,in now back
cee062574a,thanks on and
166332e48a,2 bored im
8f25eabe4a,may tweetz focused
3c41934098,miss my life
9c1e71d5e9,Michael MJ the
1cebd63a24,park pleased made
8e48929733,died ipod today
6545e365a0,a one nice
b221ecd789,in Tweet girl
c28bdcf8dc,fingers hurt My
43ee369d34,good the meet
9093f4a84f,from nowadays work
b432c9fadc,TUCSON TO will
87b8d7449f,speachless tmobile blink
36589d3c2d,pull Homework I
5055018a65,go u LMK
28013de754,baby my perfect
df82999f38,worth all Moms
ccd4caa001,private on to
e10587e6de,Im at hate
d41721b745,come oclock faster
fc5de3287d,on and sad
96ed7455c3,by male chihuahua
1cf039efa9,rain home the
ecfcc8230f,ahaha thanks and
3b5d1cc375,u why and
5dfc83d141,at j4o1xe Enjoy
7a7f7181c7,lovely just to
38d2b216c7,new home Ulise
5f58dc8b36,skate out actually
b8332c63c9,discs you disc
da62e66fac,days worst the
d3ac1634fc,a love best
ae5b8cf7aa,ROFL me too
2fe4f05a35,I all bless
aee0796720,Working a shame
5b6212874a,OT why you
49d708c7b8,fantasty stuck Dang
360583f897,nice i its
123704488c,love subway get
3d22669847,on the signing
a47a7599e3,you are What
cbb9d08353,nice Hinder such
43cf42df19,of love the
82319bb9ef,I wish made
0f7696a955,them cool and
5213af0cf4,tony poor come
c400b1fb2f,awe
225e7973da,follow me
9a9fa3f033,I awesome love
4bf04f6e67,Gotcha actually hear
989ba2d8e7,FI a app
cb4adb2254,work dunno tonight
e4ecd62689,has complicated it
adb0fc398e,Im so glad
46ffb6bd0e,follow follower you
20bf68a459,fingers you for
e0f831f552,Awesome me good
968910f054,old memories MGM
5cc015ed85,in Canada Do
380c3d243a,Beta until Please
489b7fc86b,hugs why
05198b8107,Iraq out call
3c4cd5a819,my looking sad
d276268ebf,out showers again
78e07d2075,know price beauty
e7a714bd8a,gawwddd my im
9c8ad0b932,my the summer
f765bed159,sadly auctioned twpp
3e661b33eb,catch very second
17029c297a,feel My Ugh
565e68ade9,Korea tomorrow back
d4753cae10,late Im too
601a57c65a,someones they the
17bddf4bf3,close of doing
127260366f,I does hope
42a95b10b3,Only from back
9630a8a60e,out office cant
02b6664fc0,fims egyptian tea
74e71ffd48,gain for let
2bb3411362,is seriously heartbroken
172b9d5155,stones and hurt
a3893b1fce,for ready atm
6bdaadbc09,Yeah only a
949020a350,raining http Its
d8d52d2cb2,loving by Pink
63a1fa4db7,the had thanks
8362ba6ae2,I feel a
89d0e4972c,i unfollowed it
ac4f58fce3,An Mothers Happy
e8641ec31d,discovery was success
a56416d946,I love _preet
efbd798924,Always welcome sweetie
eff365b5b5,of day Paris
53e1fc3b18,cant painful must
e52e2ecfc5,a too good
49c713c76d,The Crying Is
855545a974,Going with home
e96601d516,wow heather
dd3d4c2edd,jogs good im
cb7163bb37,night then staying
788e29ae5c,i luv jus
eaa096c532,next Glad will
f602450df1,Twitter hehe joined
63983dd792,dwellers curse _dubbs
1981e74a66,hope I Hahahahahahahaha
876bfcc38c,and missss loveee
a8d61ff137,mate my is
a375a16694,I done sick
f420223044,with me u
75b9768faf,to pretty cool
4c973ec65f,im at happy
f554f3fa53,agree the to
ae12877dcb,Id live not
101bf94294,audio listening it
a1b12787c2,c make treat
8645287c66,Murder DVD those
c8384a0df6,spreads like Thank
60fbd17c2f,Yes follows do
51600bf195,me mail the
94f0a2521c,horrible violence me
1c5ca67cf9,much cant interesting
07b995a175,outside storming
5664973d05,100 proper you
b1caa80c14,watching it Couldve
5afa60036c,him noticed Yeah
c0aee462ca,got just guitar
d4834cfc49,Mothers dinner Early
ab6d4ad2fa,what but feel
54717dab38,in lab seems
80db97bacc,671w1 twitpic made
47617218fe,Hooray
656a58ba47,Notes Im while
03d9dd414b,day range youre
4f2bf0e4b8,new every1 in
de20a4f9ba,wierd happened sudden
ceab14b717,sunny a to
c2645bfd2f,sa FAIL never
9f2322eb66,Off it tha
19693f5997,attempt in failed
d1732ef2a9,seconds video the
fcb934b1ea,call is phone
acdd6596e6,Im its hungry
f4c5160e40,two headed milk
0e3f632892,sorry neglecting im
0b8cd8a6a8,graduates to in
29d1f7e4f6,National Holidays know
264871e342,mood relaxed evening
e4bb03893d,go Ima til
cab95c99b8,hold fill the
d847cf8346,them Sad I
babe7f5404,yet not wy69d
63f47fb1e1,the i excited
bc9097ade0,214 enjoy 320
34ea29707a,my tonsils miserable
cd00966e36,my I miss
40d5393a6e,sure some Reader
3db940a3d7,Id improve u
9a2c6ae21c,a night one
fe584461ef,crappy to its
f7c49f422f,by my painful
95dbb10a09,makes 21SL hopefully
68e1b374ac,a love TOTALLY
bc3d152a07,suck lost I
77de10258b,the iPhone Remmber
7ea7deb09d,Yeah time swoons
4805e663c0,edit it writing
85859d775f,know hee u
f61a3d6393,that last Yeah
89a5639a24,you _Kid 4th
454c890bb5,hurting to is
20eeee52df,an the feel
e14bd46ac9,Hollyoaks how sad
36c1a56493,back online days
88ea8d1421,movie thelma Good
5e80e58699,http check out
1caf64ff52,MB with connected
70fba04997,I on loopt
570c1a92c9,TONIGHT I UP
07dbf16cf0,day met whole
dd069f5bbf,happened Picture or
414734257e,I sorry twice
93c0d86282,adorable But so
2b2f63eb2c,the I Thank
d8c30b8a27,private video The
1efbccc936,to crappy I
8a768f4305,planning un carrier
b9b4e92118,work Back at
67447c7a51,im bored around
a0450b3745,Sounds to sorry
d3c0cd9fba,am freezing I
70db92882c,is Better Is
54919bf6ea,in with Care2
2ae6fffca5,Morning a worried
0a34728a30,lawn finished Just
cfa90fa221,lesson pheasant ran
ba59e4ea3d,for freak My
1115490075,man its nott
c4df4b1e33,Fleetwood Ill sad
1dbae05df7,glad much Prissy
04d19a025b,the n happy
df566d4c87,hope to the
25722484f8,best The fabulous
94f554867c,got call offers
7f5c419a7e,_marris to know
e3a8728252,more I know
333f3d42e2,bless cute your
4e643cc041,consequences gnite tweeps
55bfdcf9bf,missing that assuming
564d996422,being Earth hehe
3a07e1cf57,playing on facebook
29a6fac317,trending Hehe it
4c2cb5387a,flu house public
d0a4b8bc09,spend to office
484373037f,movie attendance the
b37fa20e4e,for Have off
6dc1aa9db8,wrong talking late
ba7df25a0e,Chrystina Timberlake Grace
4178eae6e8,bit yall Im
d50b0a5b94,blehhh tweet typos
f99a3c423d,hurt worse i
5fa63f624b,NEW more tell
5b1260de70,70 is actually
3b26122664,its Store some
b1da216450,carelessness hangover loss
e818eb3851,see yas shop
3c58b704f2,updates on I
0fb19285b2,NEED HEY WORKING
b8e35a07a2,good pretty bout
df8b63c379,RIP i _18
f9752f3768,broken have messages
d760e45546,lad Thank good
914ab55259,enyone hey on
42590d5199,twitter how now
aa4724b924,effed no and
5683fb4e31,I to ppl
d73e917df5,happy day what
b3d1523864,should hannah you
3555ac7c01,and got dogs
118e2d6168,good fun hella
a17c16036b,watching bbc1 perrin
96f3650135,comin soonnn got
d528912ba9,nice on you
b3920a7615,i of worse
226df3194c,to way Yay
7ae1f564ce,Dealership Hamilton real
f1f5baec38,dont to UGH
d05b0f464a,exam resits lol
bbbe1a1a9b,watching weed used
31b002108e,My neck hurts
8af4011f58,this fever grrrrr
55210b6e39,any think but
aeb56209ce,last someone night
5026e37179,is my boring
6d6e5c1d96,show suuuppper love
bf580a287e,except ready my
31d102fb4c,in dd me
4d3c23d2e9,at meet in
3eacf08209,Shame has been
b659d14173,yesterday SUCKED mad
e78f6d920b,burnt sore in
6d6e1944dc,lucky i nickleback
1c25a69c6c,great had wonderful
4862263051,thank limited love
97fb7ec718,finally learned it
18fbdd718b,more in great
c7f60af36c,thanks oh ok
c467f58715,finished long cleaning
c8a1dc1f03,home where soon
6e059414a2,little serious bug
e337f23744,most definitely
70fa6e0152,a the cried
096ed753e9,enough happy 9
46cd71439a,takes can 00
66dfc52d42,her to morning
6647959804,glorious to best
0754d96b4a,PAIN hurts stamped
12ceb7565a,so not good
ace00f13fb,Need 3 new
15e2731c37,sooooooo from FUN
8628349c27,to good job
99e466c1e2,HILARIOUS plankton If
1e4e4b607e,day sad My
54698d6dd1,THAT NOISE EFF
b3cf47c9c0,sweet a day
bd213e5f40,and error cant
c964730131,have Glad youll
052fbbb0a9,plays Sat on
39e873ffd4,myspace profile NEWSZ
e2c48f0201,lazed out laid
19cc63aca3,i FML pain
5d713d947f,it the out
f180c62405,mom shopping paid
808aaa8dc6,youre for not
2f43347970,then Consti ED
632ea65f37,for fan true
79f4e2fe31,like miss I
3cf7d3cbea,today stayed home
20a2a8c3c8,and sad is
5875847743,Ive best surprise
15db00c707,OmG U NasTY
904af41287,did though that
88fad37761,WTF http bit
b2dc9aa460,cry representation little
4c2003055a,morning Gooood
e2eaec80b9,Day Happy Mothers
e96ef28e55,is My sore
1eabe43846,why I boyfriend
c83acf7a6f,i good haha
ef2f959764,EXCITED AM I
32ad62e131,use laptop Loves
da15c4b003,go hope than
670244dc63,on price the
38b6b897f4,Shinjuku HMV
be346f0d98,freckles lots getting
be8e327d50,a with magazine
0c37fc95e3,to rest Thanks
00688f0441,I the dresses
1ee78ef6e6,the Miss in
98434ae90d,again for whole
ee55b5844d,scared Im bruised
520e9b5484,However dreaming were
41e9e0fc5d,here that just
934ac753a2,home now Nope
b943a19a88,that Aw girl
efac7aecb8,pics I posting
318bade93d,i phone 7
ecc56a776a,i made favorite
3c048c6a14,where Josh hey
0d63dff2e5,and even dont
1fc3517acb,less tub use
4ef9dfdd0a,hehe rarely sleep
fc0d5427f8,out raining in
9f69f15ca6,matter the whats
2d6ecef1de,i to more
6334ad4725,and mushies love
fe9b205b30,out possibly stressed
3266de0475,the up science
ca1d744985,cant u I
81ef3d303f,Bummer it I
1f163ffa8a,_graham plays the
896669ae51,forget I wont
f8393c572a,http going early
87bfbb125b,blisters is off
1738ee7f17,Girl and bad
41e53f9cb9,what happened invite
d948eb5d1e,probs a you
c9c0e975c0,5 at go
f3e83b7d22,the reading miss
60b050c72a,idea good i
7037789f98,downwards youve sense
1c66900f85,2moro weekend to
02aa2d95ca,got vacation that
69728f3226,twitter starting
3563567f97,the pup depends
e19f77eaf8,I call phone
c3e4e319b8,wanna work dont
d2be8d7fd4,mothers day happy
e57eafee65,special Thank you
a42e148220,novel Now I
f5e5205d2e,ashamed gave of
96a8112f12,the week hopefully
b9cb67bd1c,I Burned My
18219a326d,A Really Awesome
306795507a,we jamess and
4e05652b8c,drums to Time
d24bdd2844,hopefully Im full
1b4612b286,Only at a
ac75f9e59f,lunch eating then
7a5e6a6349,ALWAYS the one
bd115d950b,making Hes he
a875ccc879,100 got feeling
70d2e5add2,roll on I
943b1558e1,Anywhere guess to
252a0078c7,Im a Atlanta
f245456ba5,you thanks 1
e9c03baff9,Ill be to
5865232bd7,on your question
a16f652927,miserable its and
acf7eddf2b,You could in
da39cbf3e8,special a Nessie
3d054d1072,miss And well
e4891b511b,Funeral Sad to
da37487780,great of will
be78fe3df4,a write fully
a30a9b4003,the a worse
ad0dd05c20,wonderful such a
f347bda133,working 7 at
861f5b2008,DVD I see
27e3a4acfe,love nitey brazil
8628c6df3d,FAITH DO Jayden
fd871c70ad,of game Sunday
f525424cfe,ate curly too
f3afc03b4c,to this morning
103c6425c9,hate _beag cat
6fbd9f3ae7,LAST CALL
ca8ae20678,goood mommy more
cb349ee334,whooooooooooooa 4wlpv thank
e5d88bca69,jia you
63d6ff064f,back twitter again
df9709f719,tins dammit I
0828b1848f,sad ahhhh very
3f6bf57365,Im out old
e1b0bb3509,reply to about
2d8d4624f2,hun pleased Im
84ba2c6195,HEY oklahoma come
eff38f3689,Thanks the for
fc2a587094,fantastic a in
3e5c571a1a,and Its raining
cc7e3d0e3f,that her sorry
3ed3cffe21,flu the def
d31f0597f5,tonight Thats Cool
47a47bd1a0,know what com
bf9189459f,too me Tatiiiii
199d624a97,best you ever
c23bf94285,night nice should
a3cd0a7228,work wasted stuck
4219979931,frown Frosty is
ab925cac3e,to Sad Lacroix
e2bf49618d,to STUPID is
d6dcf8c5ef,miss gone the
d4aa6a714a,a the pleasant
dc78ad00d3,sick still this
0a49d88d14,I in Williamsburg
ca75f7e584,my that otherwise
d18a55e49e,wear to know
620741fc16,16 It out
3289389558,dont cry aww
1496a45408,me home bring
a4b7cca240,to but all
f321d7a256,I my Love
e1dbabfca3,question contest AR
f4855a1986,the forward to
92b95ebfbf,hush stop teasing
f8d2395684,misses dye the
a4468f0e74,The Gotcha Cafe
850681c6b2,sick bus on
6999d42bd9,being by didnt
07a3ac5a80,is broke Yooooooo
7f4a82153d,rabbit the kid
84548ab6e2,you its supporter
9c65f93a2b,funny Timberlake Justin
448c887bd1,to great its
e19ed00091,stab piece least
b59a892581,I you love
be6d61ef42,go to burrito
6b6ff812c1,chivalrys dead rare
f02147d638,her hope cute
a85e779682,fav my omg
52e7b6c3d1,miss offices Im
8247622f9b,girl me also
df320b92cd,wedding to Off
5fb30f858b,and expensive weekends
238f8d875e,implications those follow
02883c7ab1,weekend opened pool
3593dbe193,all alone the
9b186b77f1,then eating drinking
d9bc353713,tonight farewelling employee
f4032fd33c,Away msn just
93b34b1964,u nite skyped
aa2c27ea07,England Rio hes
2e56c6a83e,craps camcorder My
2e94c6bf84,love you sweet
a1b435d7b2,pine is over
c5628b1962,this crept now
0aec5ff9a0,ugh day what
09910a212e,I bored know
e5b36bbce3,woot go you
d8ea663169,moved suffered From
5773cb0640,poetic great them
8c5d6357cf,it thanks appreciate
d01966504b,just got one
02ea3e88bb,i out you
1e52917c17,sad miss Im
4d5a01ceea,crush opened heard
656119dd86,to for awesome
f68a3ece4b,off a _twitz
22d22bda0a,on long love
f2a3b9d7f4,cant tiiiired but
bc3c21ca4e,amazing greeeeeeaaaaatttttttt babe
b9285b80a9,well not hayfever
47e8896447,opportunities hoping gettng
c2828fbc35,home at are
a4ab64c15c,fun I why
da4a26cd96,SNL HILARIOUS a
3b388efbe6,monday got or
449d73bf4f,axe tell mamma
c63415814e,to dont her
c818fdf4b8,blancmange into Sucks
da76e6c8e1,to lucky girlie
b9798fcba9,it to hopefully
b40a435ea7,check me Let
d6606e8167,a peace knock
d9564b50ef,May yay and
0d769aca27,_CorruptedAngel Really Christ
23a614d341,grosss ugh 67ofz
c4a00650cd,you can know
5aa8c0daad,wat make i
adf5be9ada,truck keep these
343c2dd395,fantastic That Thank
e64a4d5361,might winner for
facd1f468e,barely 4 functioning
11a3a0fb9d,a Thank and
61fde0e7e6,2 clouds a
769c8775bf,gotten here out
24747934b4,though wont a
d79f6eda9d,since this happened
e8bbfed756,need do twitter
413eef8c27,With Saturday Mr
90fddcbca5,miss I you
33745d82ff,have more alias
59b63d3b0f,follow to short
032fc2b3a2,I M8 Leica
739f17cfe1,Oh Void yay
4db44fd32a,em all sry
06ed7a838d,good twilight the
fb7e52a340,DM are little
7574ef7536,i sad thinks
e2d8e05859,then of tea
6ff99dcdc1,finally happy made
6e0abe59f9,good done nite
ec1dd094c2,finals have actually
6471ce79df,cant so long
7ae4f41a31,movie cool Notorious
44da94a9b7,tonight wants jon
a3dc4cf37a,and Lisa to
b2309cd1ce,a tweeterizing mobile
34e4bf2b94,would and proud
6fe5a83801,im hates me
f87b8847a9,I pretty i
948fd09708,facebook dogbook Wasabi
8244eb7ae9,omg NO ICECREAM
f446d26bfc,leave me Is
da3dd37b70,on a web
a7a5cb1584,AWFUL gosh it
16fd300910,Good of passed
6a818203a8,is stupid GRR
3102d159d1,hair good this
0eb06a4076,out nearly new
4454e4d53a,in No not
2b18f3c81f,can so have
e8e5d28fb4,Da the love
c3feee17fd,How lovely
eadd269ce5,go Off in
fd5ee5b52e,love i dono
b454c1364b,Homework Guides Study
77e57c378f,on my careless
e24b1487e4,in hes breakthrough
41bb347c8c,out sold regular
d7f63d1bb6,And its gone
13ff4f0f99,_RuGGeD_MaN vishal hi
34533b5903,normal Back Firefox
63c7425486,to weekend work
44c1c813a1,write study on
8e34972820,outside a few
bb8443d7e2,Man tinyurl good
cadb7e8823,crying so her
65019c18cb,up theyre hey
126e2e83d6,Sorry think 5
42d4d17693,and cant doesnt
8837fac289,mike so okay
1fb1670192,wont grrrr let
669c709c0b,lost for to
c7e52408c8,Just bored left
f6f96dd249,about and hair
f8456f260f,love so haha
51ddb4abcf,Excitement 6 overnight
15a017a8e4,PLZZ can read
089f2af7b9,wish meet i
28bd0fcd11,and love happy
f79609f1b3,right Lovin SOOOO
8e7d2d0ea4,already bye miss
b847eb1075,sounds yummy That
f923746a3f,burnt hurt think
80279a9e74,yes sensationalist and
5d3d18f13b,now 67 I
6debbd53ee,Happy Star Wars
f2906f0420,The For Thanks
a7f12fa546,3ernb Jumper Loving
a72c5d15b7,gunna probs there
bd4c861cc2,Singapore for unfortunatly
5ec14d968a,addicted to for
ca2896a372,me dead saddo
416e6352b9,are in kiss
2987cae592,my hear now
692cd6a34b,that all after
7067e6046d,Mpumalanga thrilled ur
c4210150ee,itll miss to
bd095b4751,problem Taylor class
3dd127f4af,the miss u
8bdaf388f3,im broke I
9ddcd3f037,http working Result
0457eb75c2,all lost bork
598d35cd58,Im not the
472fc56661,processing much sooooooo
d46052706c,find the jumped
6a784b0c72,poorly poor my
16466d0ff2,luck Good Baby
68a6cf591a,LOVE glad Aaaww
04c455e820,website have Detroit
eae7117612,going on you
548e2f1e34,today the OMGod
32a34847dc,shadez mine all
4ed24c845a,an in boring
fc73012712,on Lost of
fa8998df98,of am Selfish
e540ebed83,haha go hope
e2591a4f5a,nice to well
ba443581ae,win reply xo
1e7bb0e6dc,LOL I named
3629287285,plurk 00 0
f4eae403c0,The great is
8d86885941,Happenings R era
2f6e1bc40b,of made cool
62bb51eb64,sweetie too lucky
3f8fc09752,to broke Controller
e62ebf8ec0,to mid go
9662de1204,already puppy sick
44bf854f69,it enjoy to
0b583242d0,got finally hah
b8846d0a50,sick room in
898b9a9338,Why did are
cb5041f872,hope ok I
144e6fb3ad,lazy day the
43288822ee,a broken result
9a6c971e84,love wait the
a9edef474b,arent Im I
09a2245f93,pages by more
3a42bc3485,true spending love
3c343d4e1e,icecream springtime for
b7259fcba2,graduate seen have
d2443706bf,u L school
842e9e031b,Torture Edelcries Britains
8dc2975248,its suzi
a838619ca9,in potential the
7ae1499198,life live _august84
6c5002df01,maybe after idk
2c0f4ee9e2,Youre silly
c8cfe01c4f,helicopter AM headache
e6f7199479,Lemme u tell
b9b983a83c,Way excited Midwest
08ad89c6b0,here short Hi
edde6bb21e,Loving better Wish
fb1c0ecec0,were in and
e01f6a7ec2,5 don and
6068de7168,to I stream
5adce8e8fc,hate I her
ed3f95dd2a,com and hope
c7e96d2411,mum mothers happy
5e6cdd7c91,lame sorry _bebop
2ee99fc907,how you morning
52c2bbf770,can b another
311f189ee4,forward on you
fa3d1d0975,positive smiling 4
7005fce01c,noes missed again
0a4594beed,fwd anything at
667e216a44,how celebrating momma
cddefa4364,also in going
5612d59230,disappointing I by
0690c4b873,MandarinMonday
f589c8b60d,miss shifts sure
79331f42cf,Lets thinking Tweeting
1038091281,teleport you ill
653f3adcde,59 my FAV
5a17107aba,smdh done booo
8dd4c2b501,Sad friends to
bf4c610e53,working series cool
b1a2c1b94c,rollerskate sell afford
a624cc6757,babysitting causeee call
7c5b5c6f96,Nick so of
397ef3478d,sunny Oh it
917e217975,feel Hope soon
a657e300d0,Sunburn bad the
1872e32e07,I alott drugs
c5698ba3eb,tell Jack u
6cd9991cca,my word see
2bb759d569,bed and hurts
926f9f5895,skool watching old
b4ea682d4b,club join the
c2fe8bbad7,the nice WTH
0d7f89029b,swimming time should
a0e7618e7a,seems good want
12d70a758e,so cold it
d86941ec1c,omg hopefully i
9de7ee1962,talk to i
4cb6f71974,awee
10db37e108,succesful You Love
881affa1a2,in tangerang vacation
82582f6d17,me Yah too
10b9feacd2,lose I lost
9f89432794,Missing going like
684b2dcea7,a is one
2f8444db6c,sad Shannie i
8e8ff8dc66,and studying peace
27bf96d1b5,Going clean better
21af13b50e,I love life
daaff3f5f6,sucks U Arlington
836dd77850,mice we who
0197e3ebbc,3 D online
796110430b,DUDE it hurts
3f09c16e52,lol love good
8f892ed3b2,down fall
a8e2c45625,Study Brittneyy Hall
6030362588,not nice good
323e67716f,disappointed offspring genetics
cda2c56cef,good word excited
7cb093f4c3,pretty 4jguu twitpic
a9b6058320,jump the thats
197bec62c7,The cast True
5db58f4182,you morning
bbf1006316,your can zero
3eedba9550,exciting about on
b9b532f7a2,4 always go
3a23f53b85,nice i buying
736f85408d,trouble coworker me
2bffd86b55,bad im wat
b4d1c8c080,I any in
c5ee1ee772,all Sunday good
138fa4e0f4,tickets one just
4bcb9c582c,see 3 out
756300c03d,the gorgeous And
e3ba5e82d3,Its good to
700c41e7c0,Scary http assault
f19f0c1482,i out melting
f637b48a5c,its funeral homework
6fa5a04599,hair 4wtii com
d54d4de7e5,guys for sorry
71f389a974,talk Calling tomorrow
7b05d819ee,that sucks
1e32ad1b17,mom Happy Mothers
e89cbe91e0,today practice join
b22895c538,changed have you
8353cc778e,sendin im love
10e991f020,never call me
128a73fbfd,ill straight my
a3c5d75bbb,miss my boge
2b8fcaed04,Love Hope Happy
37daa255ea,hopefully msg start
9508aeca0c,Will you back
5d47d76ed3,the best like
a0840086ab,fly my no
9f23e5d8f5,feel good doesnt
c7a59f50c3,great Morning people
7ff53f335c,them contact know
e96c25a560,the I horrible
56c08b2df6,60 8 minute
d08af78eef,yes theyre perth
fdd3a09897,one new Got
aef284756a,TO NIKKI PLEASSSEEE
84a2eb963a,I Googles love
df2a0c498a,congrats _tha lol
8230f9ad74,tea out makin
ea7e409dcc,beautiful the LOVE
cf1ea9af3b,thats terrible I
b29a9ec749,fried jealous missing
9d6e14002f,remove people How
051025ff7f,may north crappy
30eecabd12,me no kill
fe51ca37d4,beer good on
75dcba6339,on favorite HULU
74676aaaed,from great and
cec0440736,am i mode
c4f4b37c8b,very the worse
65f5ce236f,the horrible and
66f40f0026,I it funny
e38fab54b2,in as Thanks
d67edb73e6,tweet hours in
0c0d180b5c,Appreciate it Thanks
e739d7e64e,match my Yay
2e982cc27d,never 2 manageress
3ed1480471,if care would
3e99500fa4,that keeps of
00ce730001,stability on mental
ea57382c80,grr finished good
0972b54c53,nice its in
3b8b4be00b,tweetdeck My up
755a345dc8,sad so that
88a4e96eef,sucks ultimatum and
d881666768,told know my
998b50607e,you teenage fantasy
a185f0cc24,to taking excited
6cee199f3e,the my messed
34522a55d8,to start probs
dc513a682c,skylight left its
cc75fbff94,com Thread tinyurl
fdd859e2d9,grand Ill be
e0c0860417,mom love I
f0854a3951,had missed too
356411fd5a,dishes here wont
c780b84d97,time its yea
3e7c1d3c6b,good too And
e79ca3a450,cryin all im
5609c1212e,was tweet speaking
8c8e32f76f,was Yeah leaving
dda6145689,WITH EMILYYYYYYYY COTTIN
f03669fe8c,have miss evening
7fb2ca19e9,same but popcorn
25ea895560,last been wreck
2b6ec32c28,b there with
894a3f680a,the quick bad
c258bebc27,pedicure Going for
e53f3fb1a4,did to this
9cf0c77bc1,think will Touch
9e07e4f596,pain off are
bb14e1f4cb,pile big Gross
8f65a41e73,posted thanks well
c29116d111,Star happy Wars
efb43fce11,hope for Thanks
7053623c26,thats with car
72ee8deee3,i better and
6ffc960726,Airshow exhausted the
586e68c59d,saddest this mad
04b57c4359,cats is sick
e33459f8f1,left dollar Brooklyn
43c61eb7a3,I cant find
a7a96b2c1d,only think i
87cd836d7b,feelin it is
a72f4f357b,with wings know
ad5d8a84c1,rofl dance small
18a11e8dbd,france in _mmmichelle
2e8bd923d0,me poor hollie
ebae3ed394,home more rain
10c55c13b8,annoyed appear facebook
b26843421f,Day Mothers
f3c6e98737,_ for LUV
b9ade6591a,pate toast wife
3ae98f1cae,I for lost
3477bb4c82,i its miss
193fe8822f,waaalkiiing homework yeah
b631ec4bfa,read fanfic writing
6913d9c30e,next weber saving
07d608a03d,Thanks Mr DJ
d0ce0ab587,grosses me mosquito
425c9eb614,my ohh sorry
43790fc27b,gosh sorry Oh
727cbe5970,nice awesome _
7d0291358f,for year toy
9dec21d822,unlike hear Did
3d90ad58ee,hehe shouldnt maybe
12b08fabd2,and it miss
f97b6d38ed,again tinyurl my
93370a10dc,now hurts it
3ff2b333c3,to love I
ec9c43fbb3,9 to Love
99fdaff40d,love i http
0c524f5e69,come pizza how
1783b5eb60,Geez Im wasted
932227184c,postcards No luck
00f377c634,walked have neck
b99ba239de,excited R U
1f9663bb46,Constance logically see
23d8ccab77,last night did
f59bbec4a3,pain burning gregg
a37b6c27a2,scary bug room
1d06a9cc02,onto to game6
e124c79abd,Happy to you
5a5d7e4d2f,down worst the
bd3b5dbd9a,Love to Mak
12e0187cb9,and crab you
ea032bbaaf,about thinking career
e42d0e6e9d,10 feel meh
946573f031,what sun
2d5051cce9,hopefully someday Well
16fb14a0f7,much Under stress
8b5e410207,too me
eaeee872b9,know college that
e8d8465eab,blogspot know com
1a857a38fb,weekend for Too
25694a4e38,should regular JT
a4b3b95e89,http twappy D9qVk
2e57d38abb,never Its to
d6b053947f,reason all not
7db93d25c6,my only ROFL
94977637ab,it crushed really
a028e284db,daw says But
513358abe6,missed and all
d2dbf84fe0,i know where
9d8efb8db9,http tinyurl actually
88040d7737,thanks to nice
db4bb26337,amazing Sensation Adoreiii
9e2748c5e4,got yeah only
060acf7042,one not on
5ad2c5e27b,i die me
6a5af5f4c5,on hahahaha that
6fe391edf6,Love the kardashians
74e36c1c25,is coming great
2dfbe0b7fb,djhero is down
fbd7404138,ummmm nothing lmao
a26a75179f,agreed LOL haha
6a72b1eb3c,on Im love
981a6f186d,my for YouTube
d794425886,now yea mah
2280788f99,crash in Qmbol
16ac3c903c,Australia Perth
007eeb40ff,2day http was
8f44c2f7bd,on Cask forgot
da82d37656,Tired to cant
970d89d516,owl Youre night
13d29e0bab,I long haha
afe5ce5d7d,cant my Ha
979153b838,good you for
b34f37f31d,happy mommy mothers
036b210d6b,you old phone
5bfc1c74e0,shocked it by
c1388fc963,ice got want
fd1db57dc0,im haha marathon
e7d70b0d76,grow a its
f3f0fde02e,ya right got
bb47fa7074,stuffs clean computer
8882fae1ac,millionaire it its
c7b61da1e2,like enjoy comfy
ab881218a0,EVERYONE loves of
e2b73ce8df,wow its 30
665dcd4cf2,why Yes this
0b4a2b2eb1,soooo hurts my
0e72caa348,watching What In
2c39030bc4,nice smiling weather
47caebc343,beach hugs the
2dd1bb7561,borrow to i
109516d45f,set blogspot http
2c4545ae23,o2 terrible from
8ef3dee547,is spinning everything
1944d83437,Its this headed
967e1b9ad9,sucks DS the
e4ef55358a,lots FUN not
da276b88e8,not am heart
c6c2478e74,I hate busy
9e29d43b20,still have hour
1012d3a39c,The thats dear
e37a7b9128,know a me
e206dff6da,files pixels huge
9ffc800a5c,just sundays love
e9e0de67a2,migraine headache my
5ebdc7d817,Hairspray lighter hair
1d5318a66f,i Also Listening
35182b1866,the out it
5caa73746c,I know where
c3384d4c6b,today hurts kid
95305a8336,im surfin
b7df44c04f,the effect use
94ba09618a,been hours 2
dec8c3dac3,HAPPY DAY MOTHERS
1ef4bca3f5,one twitter know
95b7fa6314,Woo Moms A
9eb21f1e58,that wanted Jealous
49e25011f6,funny _HK very
0a6580a2ca,and amazing x
49096c54e2,On that love
1746f40680,mercy mercedes Chatting
13fccb0fb5,pissed and Im
97dbf6e8e1,glad you good
b7f1a0cd1a,a little pathetic
689c6b69c9,wash boss dishes
a08d95184f,I sadly still
d36296a726,ME Im shrimp
e976f2769d,thanks reflective to
1297b5f02d,her is sorry
d205b332e6,bloooooows serious that
bb0316a749,or You are
addf08efba,that funny DW
0c53b2d4c0,me Thanks So
bacb2d1061,thats tears a
864cddfae8,vodafone trouble my
0a92e46208,work with plan
85ef239798,Guess just C
7276d2cde2,read can suck
d53ddd0172,the not im
064a8c4847,gym miss does
edef02e047,done happy lol
695f322a0a,cant hate sleep
a35314257a,Edgefest maybe since
2641ac37a6,energy sweetie Heres
7a1556637a,sort leftover so
08c5eb64a5,rough bro Sorry
6397544955,a Excellent next
afc326749d,grills sucks it
79f88c9c67,hear to Sorry
db828c7bda,love Thats
08d12b46b2,ur definitely hope
b9078fdb88,hide in have
6434edb2a5,is tomoro Sad
93c709ddbb,a Bojan pleasure
261ead9c14,cutting it now
4bd68426ce,That sounds good
6ff929e04b,_xo Today yeah
d26c5024c9,that Classic race
ae45bdeb6d,my NOT is
2d0cd25243,to summer Im
01fdd344f2,Im spammers my
f1e14aaf4e,like Kicking crazy
cbd87d2326,Poor http twitpic
dac8af239c,to feel going
213f65851d,going Meeting 4
41c5bce464,sweetie next thank
669a4ee511,Listening Leonard wins
d8999ff49b,today what working
eb96d21b64,love Bright FRIENDS
8e2432e61d,midday its dinner
6d68218d8b,67hac only on
a00d6e8a18,feel had me
68238c0940,wanna my stupid
0f870b905c,26 go to
afd1917b36,have office But
6d3c1d8ff7,lovely to was
6face8f81f,exam on wednesday
291a81553f,was my first
7b2a38faa7,neck all is
415e492cfb,why in mind
374ab5e6cd,knowing can got
18bcba79be,yet a not
f529745a98,fingers hoo crossed
ba6d7433fe,m transtelecom
056c205514,have wait Hope
ab65e404fd,well get tacos
0815af3970,game msn go
897dab966b,magazine U where
694a98d42f,the you gorgeous
1b5a4bc443,Great enjoy glad
92ef69c5ca,here I now
4c2540598c,I anything bleaker
201c6c35e2,Got good Germany
b3c6a71077,over And stressed
f78d0594ce,Bread in today
11cab5bac2,love dedicated are
37c1594abc,stuck here Lady
d0c93e2a81,in accident anniston
83d9d8ffbe,in bottle ya
a9b155d544,live likely soooon
37681f23e9,some boring drizzle
1305139c4a,on account say
3cdfcc7a2c,gig yet hopefully
09554aef59,yayy About 60
c25f1544bd,MacBook face poor
32cde6dbc5,i in miss
4e1101e520,guys weird dont
ed58e3db1d,hell Bit disappointed
daba837f14,shop Aldi to
9664d60456,Yay fun day
a29a6f5c41,Moms I Happy
a4d9ee1aac,Good for mood
5729a6ebb9,where the headed
b93d5198af,I kill bed
771545d181,cuddling watching day
65cbb266bf,down shut my
b93f47d6b0,em can i
ce7efcdd0d,great for time
d18a58850f,Wish Gotta go
f48211d914,factor care out
38c94c08b8,alive race from
bb16d5ae08,dang slow ridiculously
817b6da55c,is only stands
6bb7fa91b2,have fun
a9b501f7cd,the than fun
540fd43bae,Just on nice
9e734c1ed3,name list on
0145dc9e7c,fellow Good tweeters
bbcf6de580,know love I
342c394b9e,than Mt Everest
fa625455c7,bored is Im
14c9c24f55,you cellphone that
475e19cb22,weekebd be joy
e035bf28b6,sleeeeep to goin
a2a8a42a36,Report me to
42e4df338b,type like easy
c0a39bf520,mcdonalds take food
645e740cb0,sad me the
2bca22c7f3,Yup they Hes
c0603f62dd,3 amazing 3oh
f0c1aa8e72,i cant mad
a24748151f,this is worst
4626b8b37a,my feet hurt
caa591cb69,fight i and
46632450a3,Back to work
7505a3b214,inside nice beautiful
8d69c4d8e4,disappointed me you
91c6546f6b,home Faire to
d29e6d773c,FAWXING CRAYONS
e0589e3ebd,in youll Hope
a4f6100563,a other broke
d3d8561006,you the love
c005d6cfde,over birthday is
bb3ef3c925,thanks anyway
b5eb308679,bf miss the
936cc72c9d,ate much i
1af280ac83,then cleaning xtra
8034e259de,i better on
d45f55fad0,sounds sad that
a7a4f1809e,Car shopping with
6564a03aa0,the graveyard shift
f6df0fdbff,pretty totally guy
b8547d3835,plans Yup Mothers
ed036f1d74,has still Arg
a237d86171,P curls
82dd0bcffe,pretty pink black
89de64f532,cinemas and have
e0f51840d2,dr hook awesome
20f387fede,Poole welcome quite
5d85831fa3,xkcd daily updates
9ef3a57e41,I miss her
2a20862961,its cloudy actually
218412b76a,So forward two
1d865c0717,photosensitivity headache OUT
7b474b659d,also a What
73afc6a90d,too yeah in
00e1d9ed60,cominging over again
7a059ccc2f,too mine
e4c90cafae,out Im better
675d0f99ee,HARD FIND TO
82369ff2a2,URGHHHHHHHHHH makeing cry
46f859bacf,go days on
d3b70656cd,_marie my you
d6788e5a4f,good that still
bef904fa13,thats tho her
5f72b7df41,ly http happy
43661e198b,are x thankyou
2cc6d6b3e6,KITKAT need haha
4ca97418b7,totally works oh
be2fadb2bc,on 14 last
1c0b70106f,accounts it historical
4d9a27e25a,program to knowledge
834651667b,forgottenmost it doesnt
688784c5a9,productive to excited
7d32d4866a,seen even lucky
0cbab4e443,in of bill
d57bd01b7e,did sucha anyone
a5912f5b7b,dll issues has
b0f7ac544d,i exhausted had
73fd2537e6,for would nice
20f35978fb,sexin wit reggae
9a8cde88ea,nice XD under
9f48b1d3fa,room get in
79bd7de23f,LOL you Glad
6b3c3e22d5,save distractions I
b411bd3afb,a pain produced
469196b094,sum how tells
7b65a847b6,the best thanks
cc28178ef0,hi I u
4200e8b73c,On Just Came
77a7b3282b,well i better
76b40b8c3d,twitpic 1aida snood
1b6fe730fd,going hannah see
2a04e6e839,bottle only If
f944be482a,_its_sarah awsum Congrats
d461b50edb,im my bored
d8ab713a6a,it about love
e838d1f366,mahasha It Oh
885b8f47f7,did yes i
ac3b9688c6,made www cool
0f93a7a6ff,compilation video wish
9a38abcf54,you Congrats best
863e09ee74,i sad guys
9501aabea3,died my guinea
40ada63a36,here calling huge
c956722677,too hot is
1c6ce0a7e3,Possibly yes
5648799bc4,9 life bad
59fd038492,quake3 in 3min
0ef8ddf4a1,well form Hope
50ba66785b,you today go
827fa68ce4,com in click
a60b818d1d,Goodnight tweeps
316a1d0f4c,will least miss
1dc7f3d536,Hey are those
c08d28468b,Thanks me for
043c3b53f8,of cant wait
5fc6e71643,a Bored card
27829d97bd,it by FML
603a6f30be,my may cat
f13fd6b067,lah a logo
6bda8dca4d,a me kill
b70db9bf31,much hurt oowww
c9980ac0cd,fun play airsoft
8798f0a924,know me helps
edef93288d,the didnt sadly
9f345b18c5,wither make better
5f857f8279,wants musiq is
391211cd64,O still fun
b01c4cd28a,do now working
3a92bdf00a,them nice you
d24ea15375,its Now sub
c3c168bc80,should new is
189ea0d26f,thanku yay hugs
fa117106ef,sigh I bummed
f66bda14c6,a are generation
cf3dafabb3,can 10 photos
242910ff98,Thank We nice
60e5c2c335,bored drinking me
72b5155719,Tickets go Killers
bbfe533366,salon moms hair
4cb0ab19ed,I Good likes
58e2a00ab8,good thats not
0a0e2a4f78,Thanks to I
975554343f,noticed I that
c7be378db2,im riding lows
87737f8e62,hate and on
558fe1316b,On over at
a6687519e2,outta all ive
91f8e27d4c,you Singapore in
9a10e4813f,on go computer
2b31cedc6d,BUTTIES munchin BACON
db783cf66a,school lesson cancelled
036cd6abb0,tour updates 200
e965e50c60,breast to yesterday
b1c36b70a4,tooooo car was
4d2de9d1af,ever best done
0c2e7ab834,MOTHERS Terrell HAPPY
0bb5b4d19c,idea do what
e5f0e6ef4b,sleep am tired
416863ce47,keeps Whoever invented
6332da480c,little depression I
df1baec676,gonna your love
469e15c5a8,twitpic 4woj2 cute
